time,power_consumption.power
2021-11-25T02:47:26.029+05:00,0
2021-11-25T02:47:29.550+05:00,0
2021-11-25T02:47:32.068+05:00,0
2021-11-25T02:47:32.572+05:00,0
2021-11-25T02:47:33.074+05:00,0
2021-11-25T02:47:34.079+05:00,0
2021-11-25T02:47:35.083+05:00,0
2021-11-25T02:47:37.602+05:00,0
2021-11-25T02:47:38.106+05:00,0
2021-11-25T02:47:41.124+05:00,0.025261023
2021-11-25T02:47:42.132+05:00,0.180067452
2021-11-25T02:47:43.139+05:00,0.044102402
2021-11-25T02:47:44.145+05:00,0.028828423
2021-11-25T02:47:44.649+05:00,0
2021-11-25T02:47:45.656+05:00,0.015196669
2021-11-25T02:47:46.160+05:00,0.319418538
2021-11-25T02:47:47.167+05:00,0.024243283
2021-11-25T02:47:48.174+05:00,0.025652396
2021-11-25T02:47:48.677+05:00,0.046928389
2021-11-25T02:47:49.181+05:00,0.059421027
2021-11-25T02:47:50.691+05:00,0
2021-11-25T02:47:51.195+05:00,0.055639837
2021-11-25T02:47:51.699+05:00,0
2021-11-25T02:47:52.707+05:00,0
2021-11-25T02:47:53.210+05:00,0.154178248
2021-11-25T02:47:54.218+05:00,0.064730772
2021-11-25T02:47:54.721+05:00,0.018007982
2021-11-25T02:47:55.226+05:00,0.047374826
2021-11-25T02:47:56.736+05:00,0.038058076
2021-11-25T02:47:57.740+05:00,0.051142102
2021-11-25T02:47:59.754+05:00,0
2021-11-25T02:48:00.762+05:00,0
2021-11-25T02:48:01.767+05:00,0.010008707
2021-11-25T02:48:02.269+05:00,0.168128398
2021-11-25T02:48:02.772+05:00,0.026169072
2021-11-25T02:48:03.275+05:00,0.086551111
2021-11-25T02:48:03.780+05:00,0
2021-11-25T02:48:04.788+05:00,0.03665943
2021-11-25T02:48:05.795+05:00,0.100175396
2021-11-25T02:48:07.304+05:00,0.351724632
2021-11-25T02:48:07.808+05:00,0.190346692
2021-11-25T02:48:08.311+05:00,0.066508493
2021-11-25T02:48:08.814+05:00,0
2021-11-25T02:48:09.318+05:00,0.041444632
2021-11-25T02:48:09.822+05:00,0
2021-11-25T02:48:11.332+05:00,0
2021-11-25T02:48:11.834+05:00,0.06418081
2021-11-25T02:48:12.842+05:00,0.680471744
2021-11-25T02:48:13.346+05:00,0
2021-11-25T02:48:13.849+05:00,0.063871482
2021-11-25T02:48:14.352+05:00,0.010304445
2021-11-25T02:48:14.856+05:00,0.090947049
2021-11-25T02:48:15.359+05:00,0
2021-11-25T02:48:15.861+05:00,0.031656325
2021-11-25T02:48:16.365+05:00,0.302420809
2021-11-25T02:48:16.868+05:00,0.0465501
2021-11-25T02:48:17.372+05:00,0
2021-11-25T02:48:17.876+05:00,0.056599724
2021-11-25T02:48:18.879+05:00,0.076609348
2021-11-25T02:48:19.884+05:00,0.070263222
2021-11-25T02:48:21.392+05:00,0
2021-11-25T02:48:23.402+05:00,0
2021-11-25T02:48:24.409+05:00,0
2021-11-25T02:48:24.911+05:00,0.042617786
2021-11-25T02:48:25.414+05:00,0
2021-11-25T02:48:25.917+05:00,0.298824013
2021-11-25T02:48:26.421+05:00,0.302290776
2021-11-25T02:48:26.925+05:00,1.362878485
2021-11-25T02:48:27.429+05:00,0.122417358
2021-11-25T02:48:27.933+05:00,0.182614361
2021-11-25T02:48:28.436+05:00,0
2021-11-25T02:48:28.937+05:00,0.135705498
2021-11-25T02:48:29.441+05:00,0
2021-11-25T02:48:29.944+05:00,0.067069348
2021-11-25T02:48:30.447+05:00,0
2021-11-25T02:48:30.948+05:00,0.035632591
2021-11-25T02:48:31.955+05:00,0.065621325
2021-11-25T02:48:32.459+05:00,0.275607473
2021-11-25T02:48:33.466+05:00,0.229042438
2021-11-25T02:48:33.970+05:00,0.069501309
2021-11-25T02:48:34.473+05:00,0
2021-11-25T02:48:34.977+05:00,0.034037585
2021-11-25T02:48:35.480+05:00,0
2021-11-25T02:48:35.984+05:00,0.100563074
2021-11-25T02:48:36.488+05:00,1.523924485
2021-11-25T02:48:36.991+05:00,0.02658635
2021-11-25T02:48:37.494+05:00,0
2021-11-25T02:48:37.998+05:00,0.691371566
2021-11-25T02:48:38.500+05:00,0.022003608
2021-11-25T02:48:39.003+05:00,0.075606741
2021-11-25T02:48:39.505+05:00,0
2021-11-25T02:48:40.007+05:00,0.070878734
2021-11-25T02:48:41.012+05:00,0.055084624
2021-11-25T02:48:41.515+05:00,0.031705995
2021-11-25T02:48:42.521+05:00,6.97009087
2021-11-25T02:48:54.054+05:00,1.799593232
2021-11-25T02:49:00.068+05:00,1.019543701
2021-11-25T02:49:03.080+05:00,51.83676827
2021-11-25T02:49:03.581+05:00,29.6765751
2021-11-25T02:49:04.586+05:00,11.31791821
2021-11-25T02:49:06.593+05:00,13.89067911
2021-11-25T02:49:07.598+05:00,2.976127815
2021-11-25T02:49:08.603+05:00,6.294424477
2021-11-25T02:49:10.609+05:00,27.93010051
2021-11-25T02:49:11.615+05:00,4.33010136
2021-11-25T02:49:12.619+05:00,7.904110044
2021-11-25T02:49:13.120+05:00,5.061564691
2021-11-25T02:49:14.125+05:00,3.137877314
2021-11-25T02:49:14.627+05:00,3.883367985
2021-11-25T02:49:17.137+05:00,29.8799211
2021-11-25T02:49:17.638+05:00,24.52602754
2021-11-25T02:49:18.642+05:00,5.135250883
2021-11-25T02:49:19.645+05:00,3.167686065
2021-11-25T02:49:21.654+05:00,1.592247458
2021-11-25T02:49:22.658+05:00,3.820238989
2021-11-25T02:49:24.165+05:00,5.781931266
2021-11-25T02:49:26.673+05:00,5.485366976
2021-11-25T02:49:27.676+05:00,5.711868338
2021-11-25T02:49:29.185+05:00,2.967130751
2021-11-25T02:49:30.187+05:00,20.82343313
2021-11-25T02:49:31.190+05:00,32.33428107
2021-11-25T02:49:31.691+05:00,26.83659152
2021-11-25T02:49:34.704+05:00,21.32594405
2021-11-25T02:49:35.207+05:00,26.58226457
2021-11-25T02:49:38.218+05:00,5.661994088
2021-11-25T02:49:38.719+05:00,2.001721629
2021-11-25T02:49:39.221+05:00,2.947870945
2021-11-25T02:49:39.724+05:00,4.28759437
2021-11-25T02:49:42.735+05:00,3.53242364
2021-11-25T02:49:43.741+05:00,4.041501267
2021-11-25T02:49:44.244+05:00,13.6954898
2021-11-25T02:49:46.253+05:00,4.987036107
2021-11-25T02:49:46.756+05:00,1.387437005
2021-11-25T02:49:47.257+05:00,1.638296902
2021-11-25T02:49:49.263+05:00,2.609442148
2021-11-25T02:49:49.765+05:00,4.183035209
2021-11-25T02:49:50.771+05:00,4.717544039
2021-11-25T02:49:52.277+05:00,10.65558751
2021-11-25T02:49:52.780+05:00,2.639193745
2021-11-25T02:49:54.788+05:00,7.211868719
2021-11-25T02:49:55.289+05:00,4.32173061
2021-11-25T02:49:56.292+05:00,10.21974945
2021-11-25T02:49:57.295+05:00,4.49617054
2021-11-25T02:49:57.796+05:00,6.242006446
2021-11-25T02:49:58.800+05:00,11.34082597
2021-11-25T02:49:59.301+05:00,8.470798295
2021-11-25T02:50:00.305+05:00,3.777327053
2021-11-25T02:50:00.808+05:00,3.711825537
2021-11-25T02:50:01.311+05:00,3.991571901
2021-11-25T02:50:02.817+05:00,7.047171314
2021-11-25T02:50:03.320+05:00,0.804623419
2021-11-25T02:50:04.327+05:00,2.44616113
2021-11-25T02:50:05.333+05:00,3.994936093
2021-11-25T02:50:05.836+05:00,3.409478649
2021-11-25T02:50:06.838+05:00,5.779682007
2021-11-25T02:50:07.341+05:00,3.221907854
2021-11-25T02:50:07.842+05:00,2.784162083
2021-11-25T02:50:08.346+05:00,6.536091693
2021-11-25T02:50:09.352+05:00,7.397758017
2021-11-25T02:50:09.856+05:00,7.587300833
2021-11-25T02:50:10.360+05:00,7.065853075
2021-11-25T02:50:10.864+05:00,1.068797275
2021-11-25T02:50:11.367+05:00,0.365027744
2021-11-25T02:50:12.374+05:00,7.217714425
2021-11-25T02:50:12.877+05:00,3.410708928
2021-11-25T02:50:13.381+05:00,1.967303255
2021-11-25T02:50:14.384+05:00,3.211554136
2021-11-25T02:50:15.890+05:00,1.840878074
2021-11-25T02:50:16.392+05:00,7.860660155
2021-11-25T02:50:16.894+05:00,4.815611178
2021-11-25T02:50:17.396+05:00,4.98668401
2021-11-25T02:50:18.401+05:00,3.736965115
2021-11-25T02:50:18.903+05:00,3.010612589
2021-11-25T02:50:19.406+05:00,4.372631778
2021-11-25T02:50:19.909+05:00,2.28401129
2021-11-25T02:50:20.412+05:00,2.404788139
2021-11-25T02:50:20.915+05:00,6.979088214
2021-11-25T02:50:22.423+05:00,8.339859394
2021-11-25T02:50:22.925+05:00,2.522234265
2021-11-25T02:50:23.428+05:00,5.735901269
2021-11-25T02:50:23.931+05:00,3.290972603
2021-11-25T02:50:24.434+05:00,3.915997855
2021-11-25T02:50:24.936+05:00,2.592025046
2021-11-25T02:50:25.437+05:00,4.653177142
2021-11-25T02:50:25.941+05:00,2.133489396
2021-11-25T02:50:26.444+05:00,4.776293641
2021-11-25T02:50:26.945+05:00,6.946522952
2021-11-25T02:50:27.448+05:00,5.053159637
2021-11-25T02:50:27.954+05:00,2.185843697
2021-11-25T02:50:28.957+05:00,8.297883782
2021-11-25T02:50:29.961+05:00,4.859768002
2021-11-25T02:50:30.463+05:00,5.302861136
2021-11-25T02:50:30.964+05:00,9.555379737
2021-11-25T02:50:32.468+05:00,12.94458505
2021-11-25T02:50:32.969+05:00,16.77684176
2021-11-25T02:50:34.473+05:00,34.0830451
2021-11-25T02:50:34.974+05:00,16.301723
2021-11-25T02:50:35.476+05:00,17.32443055
2021-11-25T02:50:36.980+05:00,13.32033213
2021-11-25T02:50:37.482+05:00,16.5248303
2021-11-25T02:50:37.984+05:00,9.523875331
2021-11-25T02:50:38.485+05:00,12.00938027
2021-11-25T02:50:38.987+05:00,10.17417217
2021-11-25T02:50:39.490+05:00,6.231318808
2021-11-25T02:50:39.991+05:00,1.614650087
2021-11-25T02:50:40.493+05:00,2.551910171
2021-11-25T02:50:40.994+05:00,9.902581165
2021-11-25T02:50:41.998+05:00,11.83649512
2021-11-25T02:50:42.501+05:00,9.838084216
2021-11-25T02:50:43.003+05:00,3.561633275
2021-11-25T02:50:43.506+05:00,3.170276507
2021-11-25T02:50:44.008+05:00,0.263749003
2021-11-25T02:50:44.510+05:00,1.464348692
2021-11-25T02:50:45.012+05:00,0.208346898
2021-11-25T02:50:45.514+05:00,6.920819207
2021-11-25T02:50:46.015+05:00,0.181480771
2021-11-25T02:50:46.517+05:00,3.045536192
2021-11-25T02:50:47.019+05:00,4.474878582
2021-11-25T02:50:48.526+05:00,0.482803085
2021-11-25T02:50:49.035+05:00,2.607761634
2021-11-25T02:50:49.537+05:00,0.440492833
2021-11-25T02:50:50.038+05:00,0.210507525
2021-11-25T02:50:50.541+05:00,0.051848579
2021-11-25T02:50:51.545+05:00,0.121243158
2021-11-25T02:50:52.047+05:00,1.740479035
2021-11-25T02:50:52.549+05:00,3.285084911
2021-11-25T02:50:53.051+05:00,2.529895702
2021-11-25T02:50:53.553+05:00,3.7804888
2021-11-25T02:50:54.054+05:00,4.540009596
2021-11-25T02:50:54.555+05:00,7.650261735
2021-11-25T02:50:56.560+05:00,6.364457444
2021-11-25T02:50:59.068+05:00,3.028911044
2021-11-25T02:50:59.571+05:00,0.438701099
2021-11-25T02:51:00.073+05:00,4.46983149
2021-11-25T02:51:00.576+05:00,3.534348861
2021-11-25T02:51:01.078+05:00,3.532438536
2021-11-25T02:51:01.580+05:00,3.517670273
2021-11-25T02:51:02.082+05:00,0.52891708
2021-11-25T02:51:02.583+05:00,2.784112174
2021-11-25T02:51:03.085+05:00,4.13446575
2021-11-25T02:51:03.587+05:00,3.773648185
2021-11-25T02:51:04.589+05:00,1.542907665
2021-11-25T02:51:05.090+05:00,2.758568095
2021-11-25T02:51:06.094+05:00,4.245320956
2021-11-25T02:51:07.096+05:00,8.97508209
2021-11-25T02:51:08.100+05:00,2.447237083
2021-11-25T02:51:08.602+05:00,4.360722536
2021-11-25T02:51:09.103+05:00,6.016712251
2021-11-25T02:51:09.614+05:00,3.186548467
2021-11-25T02:51:10.115+05:00,1.280757993
2021-11-25T02:51:10.617+05:00,0.460618506
2021-11-25T02:51:11.120+05:00,1.426318756
2021-11-25T02:51:11.623+05:00,1.323222225
2021-11-25T02:51:12.627+05:00,7.712769554
2021-11-25T02:51:13.129+05:00,2.20315865
2021-11-25T02:51:13.631+05:00,3.991599231
2021-11-25T02:51:14.133+05:00,2.748904779
2021-11-25T02:51:14.635+05:00,3.859817573
2021-11-25T02:51:15.137+05:00,3.534574126
2021-11-25T02:51:15.639+05:00,2.93856405
2021-11-25T02:51:16.141+05:00,6.769027345
2021-11-25T02:51:16.642+05:00,5.055634457
2021-11-25T02:51:17.144+05:00,3.786802735
2021-11-25T02:51:17.645+05:00,14.33801214
2021-11-25T02:51:18.648+05:00,13.84669452
2021-11-25T02:51:19.149+05:00,13.26614099
2021-11-25T02:51:19.651+05:00,8.781996634
2021-11-25T02:51:20.653+05:00,13.74826761
2021-11-25T02:51:21.154+05:00,3.569638448
2021-11-25T02:51:22.159+05:00,5.789621641
2021-11-25T02:51:22.661+05:00,4.705035642
2021-11-25T02:51:23.163+05:00,7.701709861
2021-11-25T02:51:23.665+05:00,11.22789259
2021-11-25T02:51:24.669+05:00,1.325438484
2021-11-25T02:51:25.171+05:00,4.647076225
2021-11-25T02:51:25.673+05:00,6.227250847
2021-11-25T02:51:26.175+05:00,0.904822573
2021-11-25T02:51:26.675+05:00,5.318142355
2021-11-25T02:51:27.176+05:00,6.48801595
2021-11-25T02:51:28.179+05:00,23.84348063
2021-11-25T02:51:28.681+05:00,11.34905162
2021-11-25T02:51:29.183+05:00,13.27996987
2021-11-25T02:51:29.684+05:00,15.22851042
2021-11-25T02:51:30.185+05:00,13.35843404
2021-11-25T02:51:30.690+05:00,29.48724642
2021-11-25T02:51:31.208+05:00,62.79468846
2021-11-25T02:51:31.709+05:00,7.81709421
2021-11-25T02:51:33.715+05:00,11.22365485
2021-11-25T02:51:34.719+05:00,4.741377151
2021-11-25T02:51:35.221+05:00,14.11450965
2021-11-25T02:51:35.723+05:00,5.215026802
2021-11-25T02:51:36.225+05:00,4.785839287
2021-11-25T02:51:36.725+05:00,2.188740746
2021-11-25T02:51:37.227+05:00,4.289635265
2021-11-25T02:51:37.728+05:00,4.555141577
2021-11-25T02:51:38.230+05:00,3.419289197
2021-11-25T02:51:38.732+05:00,4.572314172
2021-11-25T02:51:39.234+05:00,8.533586821
2021-11-25T02:51:39.736+05:00,27.34899053
2021-11-25T02:51:40.237+05:00,3.667155851
2021-11-25T02:51:40.739+05:00,9.309134536
2021-11-25T02:51:41.241+05:00,9.670579553
2021-11-25T02:51:41.742+05:00,5.708913874
2021-11-25T02:51:42.243+05:00,5.120446621
2021-11-25T02:51:43.248+05:00,4.446318274
2021-11-25T02:51:43.751+05:00,4.131877188
2021-11-25T02:51:44.253+05:00,1.869702997
2021-11-25T02:51:44.754+05:00,5.261651373
2021-11-25T02:51:45.255+05:00,12.69220364
2021-11-25T02:51:45.757+05:00,13.2341886
2021-11-25T02:51:46.258+05:00,19.62856572
2021-11-25T02:51:46.760+05:00,20.77952176
2021-11-25T02:51:47.262+05:00,11.58767406
2021-11-25T02:51:47.764+05:00,0.974194821
2021-11-25T02:51:48.266+05:00,4.568568651
2021-11-25T02:51:48.767+05:00,3.654156024
2021-11-25T02:51:49.269+05:00,5.518129062
2021-11-25T02:51:50.776+05:00,6.652171359
2021-11-25T02:51:51.278+05:00,5.947577447
2021-11-25T02:51:51.785+05:00,4.326030484
2021-11-25T02:51:53.288+05:00,18.31504793
2021-11-25T02:51:55.294+05:00,12.78103499
2021-11-25T02:51:55.795+05:00,3.781564476
2021-11-25T02:51:56.296+05:00,2.077014654
2021-11-25T02:51:56.796+05:00,3.504034304
2021-11-25T02:51:57.297+05:00,6.751286111
2021-11-25T02:51:57.798+05:00,2.275695542
2021-11-25T02:51:58.299+05:00,4.454770859
2021-11-25T02:51:58.799+05:00,1.155806293
2021-11-25T02:51:59.300+05:00,2.554145308
2021-11-25T02:51:59.801+05:00,6.034425214
2021-11-25T02:52:00.301+05:00,2.336118714
2021-11-25T02:52:00.802+05:00,1.616830898
2021-11-25T02:52:01.303+05:00,2.099763999
2021-11-25T02:52:02.306+05:00,7.065528036
2021-11-25T02:52:02.808+05:00,0.980097827
2021-11-25T02:52:03.311+05:00,0.720247007
2021-11-25T02:52:03.813+05:00,0.167738904
2021-11-25T02:52:04.316+05:00,0.484243523
2021-11-25T02:52:04.819+05:00,0.259362749
2021-11-25T02:52:05.322+05:00,2.298949943
2021-11-25T02:52:05.824+05:00,0.023427014
2021-11-25T02:52:06.326+05:00,4.068523978
2021-11-25T02:52:06.827+05:00,3.460334885
2021-11-25T02:52:07.328+05:00,2.910830542
2021-11-25T02:52:07.831+05:00,3.864759438
2021-11-25T02:52:08.333+05:00,3.813561581
2021-11-25T02:52:08.835+05:00,4.028745903
2021-11-25T02:52:09.337+05:00,1.88598982
2021-11-25T02:52:09.838+05:00,6.617264136
2021-11-25T02:52:10.340+05:00,8.236085471
2021-11-25T02:52:11.342+05:00,13.34665117
2021-11-25T02:52:11.847+05:00,7.12628415
2021-11-25T02:52:12.850+05:00,8.530244667
2021-11-25T02:52:13.352+05:00,9.956856045
2021-11-25T02:52:13.854+05:00,10.31987166
2021-11-25T02:52:14.355+05:00,6.080383849
2021-11-25T02:52:14.856+05:00,9.80516138
2021-11-25T02:52:15.357+05:00,9.045861397
2021-11-25T02:52:15.859+05:00,8.916213222
2021-11-25T02:52:17.363+05:00,10.23109286
2021-11-25T02:52:17.865+05:00,16.10738325
2021-11-25T02:52:18.366+05:00,12.54522591
2021-11-25T02:52:18.868+05:00,13.98243313
2021-11-25T02:52:19.370+05:00,12.57067146
2021-11-25T02:52:19.871+05:00,11.48573589
2021-11-25T02:52:20.372+05:00,9.464152025
2021-11-25T02:52:20.874+05:00,3.938647089
2021-11-25T02:52:21.376+05:00,8.760643352
2021-11-25T02:52:21.878+05:00,12.66751091
2021-11-25T02:52:22.380+05:00,2.681018668
2021-11-25T02:52:22.881+05:00,4.100365372
2021-11-25T02:52:23.383+05:00,1.575226896
2021-11-25T02:52:23.884+05:00,2.794132089
2021-11-25T02:52:24.386+05:00,4.203912434
2021-11-25T02:52:24.888+05:00,2.762144325
2021-11-25T02:52:25.390+05:00,2.624852392
2021-11-25T02:52:25.892+05:00,2.636195862
2021-11-25T02:52:26.393+05:00,1.375056418
2021-11-25T02:52:26.894+05:00,2.066878314
2021-11-25T02:52:27.395+05:00,2.606009973
2021-11-25T02:52:27.896+05:00,2.596026309
2021-11-25T02:52:28.397+05:00,1.009335146
2021-11-25T02:52:28.898+05:00,1.595869752
2021-11-25T02:52:29.400+05:00,3.300007565
2021-11-25T02:52:29.903+05:00,6.474055679
2021-11-25T02:52:30.404+05:00,1.516484144
2021-11-25T02:52:30.905+05:00,1.208014555
2021-11-25T02:52:31.407+05:00,1.216198869
2021-11-25T02:52:31.909+05:00,3.487534383
2021-11-25T02:52:32.410+05:00,1.135435224
2021-11-25T02:52:32.917+05:00,1.091857527
2021-11-25T02:52:33.418+05:00,3.277888782
2021-11-25T02:52:33.919+05:00,1.254964348
2021-11-25T02:52:34.420+05:00,0.689908773
2021-11-25T02:52:34.921+05:00,0.984716991
2021-11-25T02:52:35.925+05:00,2.664048452
2021-11-25T02:52:36.427+05:00,2.100713547
2021-11-25T02:52:36.928+05:00,2.242910683
2021-11-25T02:52:37.430+05:00,3.44616746
2021-11-25T02:52:37.932+05:00,1.843123755
2021-11-25T02:52:38.434+05:00,1.220615192
2021-11-25T02:52:38.936+05:00,3.44417505
2021-11-25T02:52:39.437+05:00,3.755160957
2021-11-25T02:52:39.939+05:00,3.304390596
2021-11-25T02:52:40.440+05:00,1.313811324
2021-11-25T02:52:40.942+05:00,1.090643634
2021-11-25T02:52:41.444+05:00,2.666952457
2021-11-25T02:52:42.446+05:00,1.707148308
2021-11-25T02:52:42.948+05:00,1.24394969
2021-11-25T02:52:43.450+05:00,2.717284883
2021-11-25T02:52:43.951+05:00,2.564164178
2021-11-25T02:52:44.453+05:00,1.736481993
2021-11-25T02:52:44.955+05:00,2.541499437
2021-11-25T02:52:45.458+05:00,2.571349817
2021-11-25T02:52:45.959+05:00,3.817427097
2021-11-25T02:52:46.461+05:00,1.7289827
2021-11-25T02:52:46.964+05:00,2.682885353
2021-11-25T02:52:47.464+05:00,2.253882541
2021-11-25T02:52:47.967+05:00,3.466568238
2021-11-25T02:52:48.468+05:00,1.171114047
2021-11-25T02:52:48.969+05:00,4.642309209
2021-11-25T02:52:49.470+05:00,3.413752026
2021-11-25T02:52:49.972+05:00,1.17590532
2021-11-25T02:52:50.474+05:00,0.017704094
2021-11-25T02:52:50.976+05:00,0
2021-11-25T02:52:51.479+05:00,0.017621521
2021-11-25T02:52:51.981+05:00,0.039188291
2021-11-25T02:52:52.482+05:00,0.07142652
2021-11-25T02:52:52.984+05:00,0.035372369
2021-11-25T02:52:53.487+05:00,0.089070373
2021-11-25T02:52:53.999+05:00,0.017981275
2021-11-25T02:52:54.501+05:00,0.070739605
2021-11-25T02:52:55.003+05:00,0
2021-11-25T02:52:55.506+05:00,0.053809936
2021-11-25T02:52:56.008+05:00,0
2021-11-25T02:52:56.509+05:00,0.077102549
2021-11-25T02:52:57.010+05:00,4.586042139
2021-11-25T02:52:57.511+05:00,0.031152263
2021-11-25T02:52:58.013+05:00,0.082427271
2021-11-25T02:52:58.514+05:00,0.07232076
2021-11-25T02:52:59.015+05:00,0.172341279
2021-11-25T02:52:59.517+05:00,0.027083917
2021-11-25T02:53:00.017+05:00,0.009391926
2021-11-25T02:53:00.520+05:00,0.023439176
2021-11-25T02:53:01.021+05:00,3.491957414
2021-11-25T02:53:01.522+05:00,0.059480408
2021-11-25T02:53:02.024+05:00,0.072437468
2021-11-25T02:53:02.526+05:00,0.034133917
2021-11-25T02:53:03.027+05:00,0.046628826
2021-11-25T02:53:03.530+05:00,0.023853848
2021-11-25T02:53:04.031+05:00,0.021564163
2021-11-25T02:53:04.533+05:00,0.028449697
2021-11-25T02:53:05.034+05:00,0.151969883
2021-11-25T02:53:05.536+05:00,0.019668284
2021-11-25T02:53:06.037+05:00,1.00726749
2021-11-25T02:53:06.538+05:00,0.593257843
2021-11-25T02:53:07.040+05:00,1.500898643
2021-11-25T02:53:07.541+05:00,0.075326551
2021-11-25T02:53:08.043+05:00,0
2021-11-25T02:53:08.544+05:00,0.033903996
2021-11-25T02:53:09.045+05:00,0
2021-11-25T02:53:09.546+05:00,0.056442034
2021-11-25T02:53:10.049+05:00,0
2021-11-25T02:53:10.550+05:00,0.145311243
2021-11-25T02:53:11.051+05:00,0.331619058
2021-11-25T02:53:11.551+05:00,0.01887857
2021-11-25T02:53:12.052+05:00,0.695618353
2021-11-25T02:53:12.553+05:00,0.041901673
2021-11-25T02:53:13.054+05:00,0.007766831