pid,timestamp,cgroup,url
13090,1634481171,firefox,google.com
13156,1634481181,firefox,youtube.com
13219,1634481192,firefox,tmall.com
13304,1634481212,firefox,google.com
13358,1634481222,firefox,youtube.com
13421,1634481232,firefox,tmall.com
13483,1634481243,firefox,qq.com
13524,1634481255,firefox,baidu.com
13591,1634481270,firefox,sohu.com
13645,1634481281,firefox,facebook.com
13723,1634481291,firefox,taobao.com
13768,1634481302,firefox,360.cn
13818,1634481313,firefox,jd.com
13868,1634481323,firefox,yahoo.com
13895,1634481333,firefox,amazon.com
13966,1634481343,firefox,zoom.us
14116,1634481353,firefox,wikipedia.org
14306,1634481363,firefox,weibo.com
14379,1634481373,firefox,xinhuanet.com
14457,1634481388,firefox,sina.com.cn
15385,1634481844,firefox,google.com
15521,1634481907,firefox,youtube.com
15689,1634481968,firefox,tmall.com
16843,1634482654,firefox,google.com
16912,1634482674,firefox,youtube.com
16998,1634482694,firefox,tmall.com
17047,1634482715,firefox,qq.com
17117,1634482735,firefox,baidu.com
17187,1634482755,firefox,sohu.com
17251,1634482775,firefox,facebook.com
17339,1634482797,firefox,taobao.com
17399,1634482818,firefox,360.cn
17463,1634482839,firefox,jd.com
17539,1634482859,firefox,yahoo.com
17624,1634482879,firefox,amazon.com
17660,1634482899,firefox,zoom.us
17696,1634482919,firefox,wikipedia.org
17769,1634482940,firefox,weibo.com
17833,1634482960,firefox,xinhuanet.com
17903,1634482980,firefox,sina.com.cn
17966,1634483000,firefox,live.com
18025,1634483020,firefox,microsoft.com
18103,1634483040,firefox,reddit.com
18170,1634483060,firefox,office.com
18205,1634483081,firefox,netflix.com
18251,1634483101,firefox,zhanqi.tv
18288,1634483121,firefox,panda.tv
18348,1634483141,firefox,instagram.com
18439,1634483161,firefox,force.com
18524,1634483181,firefox,alipay.com
18593,1634483201,firefox,csdn.net
18700,1634483222,firefox,bing.com
18806,1634483242,firefox,myshopify.com
18911,1634483323,firefox,google.com
19002,1634483384,firefox,youtube.com
19124,1634483446,firefox,tmall.com
19243,1634483508,firefox,qq.com
19337,1634483568,firefox,baidu.com
19412,1634483628,firefox,sohu.com
19515,1634483689,firefox,facebook.com
19619,1634483750,firefox,taobao.com
19734,1634483828,firefox,360.cn
19832,1634483902,firefox,jd.com
19933,1634483968,firefox,yahoo.com
20046,1634484033,firefox,amazon.com
20141,1634484101,firefox,zoom.us
4906,1634486066,firefox,google.com
5345,1634486152,firefox,youtube.com
5568,1634486203,firefox,google.com
5652,1634486216,firefox,youtube.com
5804,1634486259,firefox,google.com
5864,1634486270,firefox,youtube.com
5968,1634486369,firefox,google.com
6006,1634486379,firefox,youtube.com
6051,1634486389,firefox,tmall.com
6120,1634486401,firefox,qq.com
6265,1634486545,firefox,google.com
6317,1634486556,firefox,youtube.com
6357,1634486566,firefox,tmall.com
6430,1634486576,firefox,qq.com
6863,1634486986,firefox,google.com
6900,1634486997,firefox,youtube.com
6984,1634487040,firefox,google.com
7018,1634487050,firefox,youtube.com
7076,1634487066,firefox,tmall.com
7130,1634487076,firefox,qq.com
7171,1634487086,firefox,baidu.com
7206,1634487096,firefox,sohu.com
