timestamp,url,URL,TIME,ERROR,FINAL
2021-12-22T20:31:55.518+05:00,LOADTIME,amazon.co.jp,4.672,,4.672
2021-12-22T20:32:06.003+05:00,LOADTIME,tradingview.com,5.993,,5.993
2021-12-22T20:32:16.412+05:00,LOADTIME,spotify.com,6.378,,6.378
2021-12-22T20:32:22.494+05:00,LOADTIME,google.co.in,2.027,,2.027
2021-12-22T20:32:52.361+05:00,LOADTIME,huanqiu.com,25.848,,25.848
2021-12-22T20:33:09.987+05:00,LOADTIME,okta.com,13.598,,13.598
2021-12-22T20:33:26.613+05:00,LOADTIME,chase.com,12.57,,12.57
2021-12-22T20:33:45.798+05:00,LOADTIME,taobao.com,15.098,,15.098
2021-12-22T20:33:51.745+05:00,LOADTIME,google.de,1.911,,1.911
2021-12-22T20:33:57.358+05:00,LOADTIME,google.fr,1.596,,1.596
2021-12-22T20:34:03.408+05:00,LOADTIME,panda.tv,2.03,,2.03
2021-12-22T20:35:07.630+05:00,TIMEOUT,okezone.com,60.079,ERR_TIMEOUT,ERR_TIMEOUT
2021-12-22T20:35:20.643+05:00,LOADTIME,naver.com,8.754,,8.754
2021-12-22T20:35:31.143+05:00,LOADTIME,netflix.com,6.476,,6.476
2021-12-22T20:35:39.223+05:00,LOADTIME,paypal.com,4.048,,4.048
2021-12-22T20:35:48.043+05:00,LOADTIME,ebay.com,4.781,,4.781
2021-12-22T20:36:00.838+05:00,LOADTIME,jd.com,8.729,,8.729
2021-12-22T20:36:19.166+05:00,LOADTIME,tianya.cn,13.715,,13.715
2021-12-22T20:36:27.922+05:00,LOADTIME,medium.com,4.736,,4.736
2021-12-22T20:36:36.262+05:00,LOADTIME,booking.com,4.31,,4.31
2021-12-22T20:36:44.972+05:00,LOADTIME,wikipedia.org,4.631,,4.631
2021-12-22T20:36:58.321+05:00,LOADTIME,aliyun.com,9.328,,9.328
2021-12-22T20:37:37.357+05:00,LOADTIME,yy.com,34.994,,34.994
2021-12-22T20:37:46.737+05:00,LOADTIME,live.com,5.348,,5.348
2021-12-22T20:37:56.844+05:00,LOADTIME,imdb.com,6.088,,6.088
2021-12-22T20:38:05.652+05:00,LOADTIME,apple.com,3.98,,3.98
2021-12-22T20:38:20.717+05:00,LOADTIME,cnblogs.com,11.045,,11.045
2021-12-22T20:38:38.248+05:00,LOADTIME,weibo.com,13.492,,13.492
2021-12-22T20:38:44.569+05:00,LOADTIME,whatsapp.com,2.281,,2.281
2021-12-22T20:38:53.121+05:00,LOADTIME,wordpress.com,4.514,,4.514
2021-12-22T20:39:09.581+05:00,LOADTIME,rakuten.co.jp,12.425,,12.425
2021-12-22T20:39:14.924+05:00,LOADTIME,google.com,1.287,,1.287
2021-12-22T20:39:20.159+05:00,LOADTIME,bing.com,1.211,,1.211
2021-12-22T20:39:32.255+05:00,LOADTIME,salesforce.com,8.061,,8.061
2021-12-22T20:39:37.807+05:00,LOADTIME,google.com.br,1.507,,1.507
2021-12-22T20:39:46.073+05:00,LOADTIME,reddit.com,4.245,,4.245
2021-12-22T20:39:52.583+05:00,LOADTIME,facebook.com,2.482,,2.482
2021-12-22T20:40:13.050+05:00,LOADTIME,haosou.com,16.436,,16.436
2021-12-22T20:40:28.805+05:00,LOADTIME,tmall.com,11.735,,11.735
2021-12-22T20:40:35.200+05:00,LOADTIME,etsy.com,2.361,,2.361
2021-12-22T20:40:43.524+05:00,LOADTIME,vk.com,4.291,,4.291
2021-12-22T20:40:54.232+05:00,LOADTIME,twitch.tv,6.674,,6.674
2021-12-22T20:41:06.929+05:00,LOADTIME,csdn.net,8.653,,8.653
2021-12-22T20:41:16.055+05:00,LOADTIME,google.co.jp,5.087,,5.087
2021-12-22T20:41:36.009+05:00,LOADTIME,qq.com,15.936,,15.936
2021-12-22T20:41:49.481+05:00,TIMEOUT,yandex.ru,9.453,ERR_SSL_PROTOCOL_ERROR,ERR_SSL_PROTOCOL_ERROR
2021-12-22T20:42:07.711+05:00,LOADTIME,so.com,14.189,,14.189
2021-12-22T20:42:13.504+05:00,LOADTIME,udemy.com,1.771,,1.771
2021-12-22T20:42:22.296+05:00,LOADTIME,microsoft.com,4.766,,4.766
2021-12-22T20:42:32.167+05:00,LOADTIME,zoom.us,5.835,,5.835
2021-12-22T20:42:45.392+05:00,LOADTIME,aliexpress.com,9.053,,9.053
2021-12-22T20:42:58.657+05:00,LOADTIME,yahoo.com,8.666,,8.666
2021-12-22T20:43:05.146+05:00,LOADTIME,instagram.com,2.063,,2.063
2021-12-22T20:43:10.374+05:00,LOADTIME,ilovepdf.com,1.197,,1.197
2021-12-22T20:43:31.275+05:00,LOADTIME,6.cn,16.884,,16.884
2021-12-22T20:43:40.157+05:00,LOADTIME,indeed.com,4.846,,4.846
2021-12-22T20:44:01.336+05:00,LOADTIME,force.com,17.159,,17.159
2021-12-22T20:44:10.038+05:00,LOADTIME,adobe.com,4.643,,4.643
2021-12-22T20:44:22.454+05:00,LOADTIME,yahoo.co.jp,8.339,,8.339
2021-12-22T20:45:26.555+05:00,TIMEOUT,sohu.com,60.063,ERR_TIMEOUT,ERR_TIMEOUT
2021-12-22T20:45:36.330+05:00,LOADTIME,msn.com,5.731,,5.731
2021-12-22T20:45:41.761+05:00,LOADTIME,linkedin.com,1.408,,1.408
2021-12-22T20:45:49.796+05:00,LOADTIME,amazon.com,4,,4
2021-12-22T20:45:59.054+05:00,LOADTIME,canva.com,5.223,,5.223
2021-12-22T20:46:04.676+05:00,LOADTIME,google.com.hk,1.59,,1.59
2021-12-22T20:46:18.081+05:00,LOADTIME,slack.com,9.383,,9.383
2021-12-22T20:46:26.653+05:00,LOADTIME,google.cn,4.526,,4.526
2021-12-22T20:47:26.901+05:00,LOADTIME,sina.com.cn,56.229,,56.229
2021-12-22T20:47:37.716+05:00,LOADTIME,baidu.com,6.763,,6.763
2021-12-22T20:48:41.751+05:00,TIMEOUT,zhanqi.tv,60.011,ERR_TIMEOUT,ERR_TIMEOUT
2021-12-22T20:48:52.709+05:00,LOADTIME,ok.ru,6.927,,6.927
2021-12-22T20:49:00.601+05:00,LOADTIME,fandom.com,3.826,,3.826
2021-12-22T20:49:09.264+05:00,LOADTIME,twitter.com,4.439,,4.439
2021-12-22T20:49:22.354+05:00,LOADTIME,manoramaonline.com,9.052,,9.052
2021-12-22T20:49:29.463+05:00,LOADTIME,amazon.de,3.03,,3.03
2021-12-22T20:49:39.038+05:00,LOADTIME,moneycontrol.com,5.549,,5.549
2021-12-22T20:50:43.080+05:00,TIMEOUT,iyiou.com,60.014,ERR_TIMEOUT,ERR_TIMEOUT
2021-12-22T20:51:16.294+05:00,LOADTIME,capitalone.com,29.196,,29.196
2021-12-22T20:51:29.748+05:00,LOADTIME,hp.com,9.389,,9.389
2021-12-22T20:51:40.095+05:00,LOADTIME,fidelity.com,6.303,,6.303
2021-12-22T20:51:50.985+05:00,LOADTIME,weather.com,6.861,,6.861
2021-12-22T20:51:56.837+05:00,LOADTIME,google.co.th,1.82,,1.82
2021-12-22T20:52:06.304+05:00,LOADTIME,cnbc.com,5.45,,5.45
2021-12-22T20:52:12.236+05:00,LOADTIME,google.com.tr,1.871,,1.871
2021-12-22T20:52:21.139+05:00,LOADTIME,shutterstock.com,4.763,,4.763
2021-12-22T20:52:35.504+05:00,LOADTIME,walmart.com,10.334,,10.334
2021-12-22T20:52:42.146+05:00,LOADTIME,w3schools.com,2.605,,2.605
2021-12-22T20:52:57.887+05:00,LOADTIME,imgur.com,11.723,,11.723
2021-12-22T20:53:04.395+05:00,LOADTIME,proiezionidiborsa.it,2.315,,2.315
2021-12-22T20:53:13.530+05:00,LOADTIME,deepl.com,5.11,,5.11
2021-12-22T20:53:23.948+05:00,LOADTIME,unsplash.com,6.401,,6.401
2021-12-22T20:53:31.161+05:00,LOADTIME,tumblr.com,3.186,,3.186
2021-12-22T20:53:36.902+05:00,LOADTIME,google.ca,1.719,,1.719
2021-12-22T20:53:46.544+05:00,LOADTIME,sindonews.com,5.624,,5.624
2021-12-22T20:53:54.490+05:00,LOADTIME,amazon.it,3.878,,3.878
2021-12-22T20:54:00.370+05:00,LOADTIME,cnet.com,1.839,,1.839
2021-12-22T20:54:11.309+05:00,LOADTIME,payoneer.com,6.907,,6.907
2021-12-22T20:54:23.712+05:00,LOADTIME,ebay.de,7.156,,7.156
2021-12-22T20:54:32.932+05:00,LOADTIME,gismeteo.ru,4.763,,4.763
2021-12-22T20:54:45.523+05:00,LOADTIME,bet9ja.com,8.566,,8.566
2021-12-22T20:54:59.638+05:00,LOADTIME,americanexpress.com,10.09,,10.09
2021-12-22T20:55:27.863+05:00,LOADTIME,coupang.com,24.121,,24.121
2021-12-22T20:55:33.985+05:00,LOADTIME,wikihow.com,2.095,,2.095
2021-12-22T20:55:43.087+05:00,LOADTIME,vimeo.com,5.075,,5.075
2021-12-22T20:55:50.012+05:00,LOADTIME,stackexchange.com,2.795,,2.795
2021-12-22T20:56:04.947+05:00,LOADTIME,manage.wix.com,10.917,,10.917
2021-12-22T20:56:24.380+05:00,LOADTIME,setn.com,15.387,,15.387
2021-12-22T20:56:35.909+05:00,LOADTIME,tokopedia.com,7.424,,7.424
2021-12-22T20:56:48.342+05:00,LOADTIME,intuit.com,8.275,,8.275
2021-12-22T20:57:00.298+05:00,LOADTIME,office365.com,7.881,,7.881
2021-12-22T20:57:06.581+05:00,LOADTIME,ikea.com,2.247,,2.247
2021-12-22T20:57:24.745+05:00,LOADTIME,flaticon.com,14.128,,14.128
2021-12-22T20:57:41.857+05:00,LOADTIME,wellsfargo.com,13.076,,13.076
2021-12-22T20:57:47.288+05:00,LOADTIME,chess.com,1.367,,1.367
2021-12-22T20:58:11.110+05:00,LOADTIME,washingtonpost.com,19.797,,19.797
2021-12-22T20:59:15.209+05:00,TIMEOUT,varzesh3.com,60.017,ERR_TIMEOUT,ERR_TIMEOUT
2021-12-22T20:59:20.844+05:00,LOADTIME,google.com.ar,1.606,,1.606
2021-12-22T20:59:30.266+05:00,LOADTIME,google.es,5.405,,5.405
2021-12-22T20:59:37.396+05:00,LOADTIME,soundcloud.com,3.111,,3.111
2021-12-22T20:59:47.531+05:00,LOADTIME,duckduckgo.com,6.1,,6.1
2021-12-22T20:59:59.454+05:00,LOADTIME,momoshop.com.tw,7.905,,7.905
2021-12-22T21:00:11.871+05:00,TIMEOUT,hulu.com,8.39,ERR_SSL_PROTOCOL_ERROR,ERR_SSL_PROTOCOL_ERROR
2021-12-22T21:00:20.775+05:00,LOADTIME,binance.com,4.865,,4.865
2021-12-22T21:00:27.288+05:00,LOADTIME,slideshare.net,2.475,,2.475
2021-12-22T21:00:36.484+05:00,LOADTIME,metropoles.com,5.174,,5.174
2021-12-22T21:00:42.204+05:00,LOADTIME,calendly.com,1.636,,1.636
2021-12-22T21:01:06.219+05:00,LOADTIME,tudou.com,19.87,,19.87
2021-12-22T21:01:12.216+05:00,LOADTIME,google.com.eg,1.97,,1.97
2021-12-22T21:01:29.834+05:00,LOADTIME,flipkart.com,13.592,,13.592
2021-12-22T21:01:40.685+05:00,LOADTIME,zhihu.com,6.817,,6.817
2021-12-22T21:01:50.209+05:00,LOADTIME,geeksforgeeks.org,5.502,,5.502
2021-12-22T21:01:57.689+05:00,LOADTIME,amazon.co.uk,3.449,,3.449
2021-12-22T21:02:08.299+05:00,LOADTIME,glassdoor.com,6.575,,6.575
2021-12-22T21:02:15.525+05:00,LOADTIME,speedtest.net,3.152,,3.152
2021-12-22T21:02:28.384+05:00,LOADTIME,espn.com,8.796,,8.796
2021-12-22T21:02:36.212+05:00,LOADTIME,in.gr,3.718,,3.718
2021-12-22T21:02:42.100+05:00,LOADTIME,taboola.com,1.863,,1.863
2021-12-22T21:03:26.421+05:00,LOADTIME,foxnews.com,40.28,,40.28
2021-12-22T21:03:51.791+05:00,LOADTIME,grid.id,21.195,,21.195
2021-12-22T21:03:59.601+05:00,LOADTIME,primevideo.com,3.589,,3.589
2021-12-22T21:04:11.685+05:00,TIMEOUT,indiatimes.com,8.062,ERR_SSL_PROTOCOL_ERROR,ERR_SSL_PROTOCOL_ERROR
2021-12-22T21:04:19.088+05:00,LOADTIME,roblox.com,3.368,,3.368
2021-12-22T21:04:27.739+05:00,LOADTIME,skype.com,4.628,,4.628
2021-12-22T21:04:37.899+05:00,LOADTIME,healthline.com,6.137,,6.137
2021-12-22T21:04:51.302+05:00,LOADTIME,thesaurus.com,9.368,,9.368
2021-12-22T21:05:05.759+05:00,LOADTIME,bbc.co.uk,10.339,,10.339
2021-12-22T21:05:13.319+05:00,LOADTIME,envato.com,3.495,,3.495
2021-12-22T21:05:19.584+05:00,LOADTIME,wetransfer.com,2.246,,2.246
2021-12-22T21:05:41.029+05:00,LOADTIME,360.com,17.423,,17.423
2021-12-22T21:05:47.223+05:00,LOADTIME,bbc.com,2.175,,2.175
2021-12-22T21:06:06.289+05:00,LOADTIME,cnzz.com,15.005,,15.005
2021-12-22T21:06:21.661+05:00,LOADTIME,avito.ru,8.436,,8.436
2021-12-22T21:06:29.402+05:00,LOADTIME,coursera.org,3.681,,3.681
2021-12-22T21:06:35.311+05:00,TIMEOUT,sogou.com,1.562,ERR_SSL_PROTOCOL_ERROR,ERR_SSL_PROTOCOL_ERROR
2021-12-22T21:06:41.151+05:00,LOADTIME,google.com.mx,1.805,,1.805
2021-12-22T21:06:54.935+05:00,LOADTIME,bluehost.com,9.765,,9.765
2021-12-22T21:07:58.989+05:00,TIMEOUT,wsj.com,60.014,ERR_TIMEOUT,ERR_TIMEOUT
2021-12-22T21:08:04.598+05:00,LOADTIME,padlet.com,1.526,,1.526
2021-12-22T21:08:14.478+05:00,LOADTIME,yelp.com,5.862,,5.862
2021-12-22T21:08:36.206+05:00,LOADTIME,uol.com.br,17.69,,17.69
2021-12-22T21:08:48.523+05:00,LOADTIME,forbes.com,8.148,,8.148
2021-12-22T21:08:55.264+05:00,LOADTIME,researchgate.net,2.634,,2.634
2021-12-22T21:09:02.681+05:00,LOADTIME,blogger.com,3.396,,3.396
2021-12-22T21:09:08.446+05:00,LOADTIME,google.com.sa,1.747,,1.747
2021-12-22T21:09:19.254+05:00,LOADTIME,lazada.sg,6.786,,6.786
2021-12-22T21:09:28.182+05:00,LOADTIME,pinterest.com,4.867,,4.867
2021-12-22T21:09:41.613+05:00,LOADTIME,globo.com,9.398,,9.398
2021-12-22T21:09:50.313+05:00,LOADTIME,chouftv.ma,4.631,,4.631
2021-12-22T21:09:56.308+05:00,LOADTIME,github.com,1.951,,1.951
2021-12-22T21:11:01.077+05:00,TIMEOUT,bilibili.com,60.012,ERR_TIMEOUT,ERR_TIMEOUT
2021-12-22T21:11:09.515+05:00,LOADTIME,namu.wiki,4.419,,4.419
2021-12-22T21:11:30.402+05:00,LOADTIME,redd.it,16.836,,16.836
2021-12-22T21:11:38.292+05:00,LOADTIME,y2mate.com,3.822,,3.822
2021-12-22T21:11:51.152+05:00,LOADTIME,craigslist.org,8.842,,8.842
2021-12-22T21:12:01.444+05:00,LOADTIME,detik.com,6.239,,6.239
2021-12-22T21:12:13.502+05:00,LOADTIME,nytimes.com,7.922,,7.922
2021-12-22T21:12:21.552+05:00,LOADTIME,amazon.ca,3.951,,3.951
2021-12-22T21:12:28.656+05:00,LOADTIME,usps.com,3.071,,3.071
2021-12-22T21:12:35.506+05:00,LOADTIME,reverso.net,2.797,,2.797
2021-12-22T21:12:44.731+05:00,LOADTIME,gosuslugi.ru,5.19,,5.19
2021-12-22T21:12:52.965+05:00,LOADTIME,instructure.com,4.216,,4.216
2021-12-22T21:13:03.301+05:00,LOADTIME,airbnb.com,6.307,,6.307
2021-12-22T21:13:12.174+05:00,LOADTIME,amazon.fr,4.831,,4.831
2021-12-22T21:13:20.162+05:00,LOADTIME,telewebion.com,3.867,,3.867
2021-12-22T21:13:27.450+05:00,LOADTIME,hotstar.com,3.263,,3.263
2021-12-22T21:13:34.239+05:00,LOADTIME,amazon.com.mx,2.767,,2.767
2021-12-22T21:13:40.430+05:00,LOADTIME,basecamp.com,2.167,,2.167
2021-12-22T21:13:55.063+05:00,LOADTIME,icicibank.com,10.617,,10.617
2021-12-22T21:14:01.758+05:00,LOADTIME,suara.com,2.65,,2.65
2021-12-22T21:14:08.192+05:00,LOADTIME,google.ru,2.324,,2.324
2021-12-22T21:14:31.110+05:00,LOADTIME,pixnet.net,18.899,,18.899
2021-12-22T21:14:44.262+05:00,LOADTIME,cnn.com,9.073,,9.073
2021-12-22T21:14:52.684+05:00,LOADTIME,theguardian.com,4.31,,4.31
2021-12-22T21:15:02.894+05:00,LOADTIME,tripadvisor.com,6.188,,6.188
2021-12-22T21:15:17.955+05:00,LOADTIME,crowdworks.jp,10.98,,10.98
2021-12-22T21:15:31.031+05:00,LOADTIME,ups.com,9.034,,9.034
2021-12-22T21:15:38.825+05:00,LOADTIME,remove.bg,3.716,,3.716
2021-12-22T21:15:44.695+05:00,LOADTIME,google.it,1.847,,1.847
2021-12-22T21:15:53.957+05:00,LOADTIME,sberbank.ru,5.247,,5.247
2021-12-22T21:16:01.851+05:00,LOADTIME,atlassian.com,3.845,,3.845
2021-12-22T21:16:10.961+05:00,LOADTIME,target.com,4.979,,4.979
2021-12-22T21:16:19.991+05:00,LOADTIME,ca.gov,4.946,,4.946
2021-12-22T21:16:28.532+05:00,LOADTIME,archive.org,4.508,,4.508
2021-12-22T21:16:49.451+05:00,LOADTIME,ettoday.net,16.901,,16.901
2021-12-22T21:17:00.503+05:00,LOADTIME,irs.gov,6.853,,6.853
2021-12-22T21:17:24.777+05:00,LOADTIME,digikala.com,20.241,,20.241
2021-12-22T21:17:34.686+05:00,LOADTIME,sahibinden.com,5.87,,5.87
2021-12-22T21:17:40.530+05:00,LOADTIME,google.com.sg,1.799,,1.799
2021-12-22T21:17:52.740+05:00,LOADTIME,fedex.com,8.187,,8.187
2021-12-22T21:17:59.825+05:00,LOADTIME,mozilla.org,3.061,,3.061
2021-12-22T21:18:23.142+05:00,LOADTIME,documentforce.com,19.296,,19.296
2021-12-22T21:18:41.998+05:00,LOADTIME,merdeka.com,14.814,,14.814
2021-12-22T21:18:49.221+05:00,LOADTIME,investopedia.com,3.081,,3.081
2021-12-22T21:18:55.055+05:00,LOADTIME,smallpdf.com,1.778,,1.778
2021-12-22T21:19:59.206+05:00,TIMEOUT,kakao.com,60.019,ERR_TIMEOUT,ERR_TIMEOUT
2021-12-22T21:20:05.954+05:00,LOADTIME,savefrom.net,2.726,,2.726
2021-12-22T21:20:17.913+05:00,LOADTIME,box.com,7.916,,7.916
2021-12-22T21:20:24.533+05:00,LOADTIME,mediafire.com,2.587,,2.587
2021-12-22T21:20:30.255+05:00,LOADTIME,google.co.uk,1.677,,1.677
2021-12-22T21:20:38.756+05:00,LOADTIME,wayfair.com,4.476,,4.476
2021-12-22T21:20:46.872+05:00,LOADTIME,onlinesbi.com,4.074,,4.074
2021-12-22T21:20:57.758+05:00,LOADTIME,mercari.com,6.824,,6.824
2021-12-22T21:21:03.332+05:00,LOADTIME,stackoverflow.com,1.525,,1.525
2021-12-22T21:21:17.239+05:00,LOADTIME,adp.com,9.887,,9.887
2021-12-22T21:21:27.648+05:00,LOADTIME,tistory.com,6.339,,6.339
2021-12-22T21:21:33.385+05:00,LOADTIME,behance.net,1.71,,1.71
2021-12-22T21:21:45.344+05:00,LOADTIME,bankofamerica.com,5.637,,5.637
2021-12-22T21:21:54.556+05:00,LOADTIME,nih.gov,5.192,,5.192
2021-12-22T21:22:05.529+05:00,LOADTIME,mercadolibre.com.mx,6.954,,6.954
2021-12-22T21:22:12.270+05:00,LOADTIME,zillow.com,2.671,,2.671
2021-12-22T21:22:19.257+05:00,LOADTIME,wix.com,2.935,,2.935
2021-12-22T21:22:30.194+05:00,LOADTIME,trello.com,6.917,,6.917
2021-12-22T21:22:38.683+05:00,LOADTIME,grammarly.com,4.448,,4.448
2021-12-22T21:22:46.101+05:00,LOADTIME,istockphoto.com,3.392,,3.392
2021-12-22T21:22:51.985+05:00,LOADTIME,google.com.tw,1.839,,1.839
2021-12-22T21:23:01.238+05:00,LOADTIME,weebly.com,5.23,,5.23
2021-12-22T21:23:07.244+05:00,LOADTIME,google.at,1.952,,1.952
2021-12-22T21:23:15.346+05:00,LOADTIME,elsevier.com,4.084,,4.084
2021-12-22T21:23:21.182+05:00,LOADTIME,editor.wix.com,1.808,,1.808
2021-12-22T21:24:25.229+05:00,TIMEOUT,bedbathandbeyond.com,60.021,ERR_TIMEOUT,ERR_TIMEOUT
2021-12-22T21:24:30.264+05:00,LOADTIME,neobux.com,0.993,,0.993
2021-12-22T21:24:42.443+05:00,LOADTIME,discogs.com,8.161,,8.161
2021-12-22T21:24:56.422+05:00,LOADTIME,nike.com,9.929,,9.929
2021-12-22T21:25:03.651+05:00,LOADTIME,myanimelist.net,3.183,,3.183
2021-12-22T21:25:10.148+05:00,LOADTIME,iqbroker.com,2.464,,2.464
2021-12-22T21:25:17.923+05:00,LOADTIME,surveymonkey.com,3.759,,3.759
2021-12-22T21:25:25.167+05:00,LOADTIME,codepen.io,3.202,,3.202
2021-12-22T21:26:01.006+05:00,LOADTIME,58.com,31.821,,31.821
2021-12-22T21:26:08.816+05:00,LOADTIME,statista.com,3.773,,3.773
2021-12-22T21:26:19.018+05:00,LOADTIME,outbrain.com,6.173,,6.173
2021-12-22T21:26:27.995+05:00,LOADTIME,hm.com,4.941,,4.941
2021-12-22T21:26:34.495+05:00,LOADTIME,note.com,2.467,,2.467
2021-12-22T21:26:47.265+05:00,LOADTIME,expedia.com,8.644,,8.644
2021-12-22T21:26:56.930+05:00,LOADTIME,shopbop.com,5.545,,5.545
2021-12-22T21:27:04.317+05:00,LOADTIME,cloudflare.com,3.349,,3.349
2021-12-22T21:27:16.255+05:00,LOADTIME,avg.com,7.909,,7.909
2021-12-22T21:27:23.494+05:00,LOADTIME,hespress.com,3.188,,3.188
2021-12-22T21:27:35.031+05:00,LOADTIME,redfin.com,7.481,,7.481
2021-12-22T21:27:47.867+05:00,LOADTIME,patreon.com,8.804,,8.804
2021-12-22T21:27:54.605+05:00,LOADTIME,cuevana3.io,2.707,,2.707
2021-12-22T21:28:21.748+05:00,LOADTIME,southwest.com,23.07,,23.07
2021-12-22T21:28:46.661+05:00,LOADTIME,op.gg,20.845,,20.845
2021-12-22T21:28:54.910+05:00,LOADTIME,payu.in,4.158,,4.158
2021-12-22T21:29:02.381+05:00,LOADTIME,shopee.tw,3.434,,3.434
2021-12-22T21:29:14.842+05:00,LOADTIME,lbank.info,2.235,,2.235
2021-12-22T21:29:34.225+05:00,LOADTIME,jjwxc.net,15.357,,15.357
2021-12-22T21:29:39.817+05:00,LOADTIME,sciencedirect.com,1.572,,1.572
2021-12-22T21:30:43.865+05:00,TIMEOUT,kompas.tv,60.018,ERR_TIMEOUT,ERR_TIMEOUT
2021-12-22T21:30:53.231+05:00,LOADTIME,elintransigente.com,5.346,,5.346
2021-12-22T21:31:03.439+05:00,LOADTIME,quizlet.com,6.179,,6.179
2021-12-22T21:31:09.880+05:00,LOADTIME,kahoot.it,2.404,,2.404
2021-12-22T21:31:34.539+05:00,LOADTIME,youku.com,20.64,,20.64
2021-12-22T21:31:40.338+05:00,LOADTIME,shopee.co.id,1.774,,1.774
2021-12-22T21:31:57.127+05:00,LOADTIME,xfinity.com,12.74,,12.74
2021-12-22T21:32:10.972+05:00,LOADTIME,msi.com,9.708,,9.708
2021-12-22T21:32:18.194+05:00,LOADTIME,iloveimg.com,3.192,,3.192
2021-12-22T21:32:26.994+05:00,LOADTIME,repubblica.it,4.777,,4.777
2021-12-22T21:32:36.613+05:00,LOADTIME,smartrecruiters.com,5.568,,5.568
2021-12-22T21:32:45.032+05:00,LOADTIME,asana.com,4.389,,4.389
2021-12-22T21:32:56.251+05:00,LOADTIME,ticketmaster.com,7.133,,7.133
2021-12-22T21:33:02.182+05:00,LOADTIME,google.com.vn,1.763,,1.763
2021-12-22T21:33:13.555+05:00,LOADTIME,state.gov,7.268,,7.268
2021-12-22T21:33:23.341+05:00,LOADTIME,amazon.com.au,5.749,,5.749
2021-12-22T21:33:34.394+05:00,LOADTIME,tejaratnews.com,7.017,,7.017
2021-12-22T21:33:42.502+05:00,LOADTIME,commbank.com.au,4.076,,4.076
2021-12-22T21:33:48.085+05:00,LOADTIME,google.com.au,1.557,,1.557
2021-12-22T21:34:00.043+05:00,LOADTIME,gap.com,7.941,,7.941
2021-12-22T21:34:16.695+05:00,LOADTIME,saramin.co.kr,12.621,,12.621
2021-12-22T21:34:22.446+05:00,LOADTIME,google.com.my,1.699,,1.699
2021-12-22T21:34:29.227+05:00,LOADTIME,zara.com,2.762,,2.762
2021-12-22T21:34:37.696+05:00,LOADTIME,ecosia.org,4.414,,4.414
2021-12-22T21:34:50.201+05:00,LOADTIME,howtogeek.com,7.982,,7.982
2021-12-22T21:35:01.853+05:00,LOADTIME,jw.org,7.509,,7.509
2021-12-22T21:35:19.844+05:00,LOADTIME,techradar.com,13.955,,13.955
2021-12-22T21:35:34.649+05:00,LOADTIME,rambler.ru,10.667,,10.667
2021-12-22T21:35:51.189+05:00,LOADTIME,oschina.net,12.382,,12.382
2021-12-22T21:36:00.505+05:00,LOADTIME,uefa.com,5.288,,5.288
2021-12-22T21:36:25.849+05:00,LOADTIME,parsfootball.com,21.141,,21.141
2021-12-22T21:36:32.813+05:00,LOADTIME,tesla.com,2.935,,2.935
2021-12-22T21:36:42.089+05:00,LOADTIME,beytoote.com,5.253,,5.253
2021-12-22T21:36:53.245+05:00,LOADTIME,yts.mx,7.128,,7.128
2021-12-22T21:37:00.870+05:00,LOADTIME,statcounter.com,3.577,,3.577
2021-12-22T21:37:09.891+05:00,LOADTIME,uber.com,5.002,,5.002
2021-12-22T21:38:13.939+05:00,TIMEOUT,miro.com,60.02,ERR_TIMEOUT,ERR_TIMEOUT
2021-12-22T21:38:24.592+05:00,LOADTIME,npr.org,6.46,,6.46
2021-12-22T21:38:38.252+05:00,LOADTIME,vidio.com,9.612,,9.612
2021-12-22T21:38:52.588+05:00,LOADTIME,nbcsports.com,10.298,,10.298
2021-12-22T21:39:03.596+05:00,LOADTIME,rezka.ag,6.938,,6.938
2021-12-22T21:40:03.926+05:00,LOADTIME,saednews.com,56.307,,56.307
2021-12-22T21:40:13.811+05:00,LOADTIME,issuu.com,5.864,,5.864
2021-12-22T21:40:22.755+05:00,LOADTIME,albawabhnews.com,4.923,,4.923
2021-12-22T21:40:39.682+05:00,LOADTIME,edh.tw,12.884,,12.884
2021-12-22T21:40:51.612+05:00,LOADTIME,mailchimp.com,7.797,,7.797
2021-12-22T21:40:58.623+05:00,LOADTIME,harvard.edu,2.951,,2.951
2021-12-22T21:41:06.346+05:00,LOADTIME,wartaekonomi.co.id,3.699,,3.699
2021-12-22T21:41:19.709+05:00,LOADTIME,gotomeeting.com,9.293,,9.293
2021-12-22T21:41:29.752+05:00,LOADTIME,udn.com,5.949,,5.949
2021-12-22T21:41:42.060+05:00,LOADTIME,norton.com,8.206,,8.206
2021-12-22T21:41:57.381+05:00,LOADTIME,lanacion.com.ar,11.272,,11.272
2021-12-22T21:42:04.644+05:00,LOADTIME,quizizz.com,3.159,,3.159
2021-12-22T21:42:26.450+05:00,LOADTIME,newtalk.tw,17.786,,17.786
2021-12-22T21:42:36.502+05:00,LOADTIME,ebay.fr,5.896,,5.896
2021-12-22T21:42:43.664+05:00,LOADTIME,timeanddate.com,3.047,,3.047
2021-12-22T21:42:53.555+05:00,LOADTIME,line.me,5.84,,5.84
2021-12-22T21:43:00.595+05:00,LOADTIME,oxu.az,2.969,,2.969
2021-12-22T21:43:13.133+05:00,LOADTIME,flickr.com,8.508,,8.508
2021-12-22T21:43:23.880+05:00,LOADTIME,ouedkniss.com,6.725,,6.725
2021-12-22T21:43:35.080+05:00,TIMEOUT,pixiv.net,7.157,ERR_SSL_PROTOCOL_ERROR,ERR_SSL_PROTOCOL_ERROR
2021-12-22T21:43:41.672+05:00,LOADTIME,prtimes.jp,2.55,,2.55
2021-12-22T21:43:53.461+05:00,LOADTIME,mehrnews.com,7.761,,7.761
2021-12-22T21:44:00.503+05:00,LOADTIME,ytmp3.cc,3.004,,3.004
2021-12-22T21:44:10.878+05:00,LOADTIME,hurriyet.com.tr,6.348,,6.348
2021-12-22T21:44:19.605+05:00,LOADTIME,amazon.sa,4.63,,4.63
2021-12-22T21:44:33.708+05:00,LOADTIME,hotmart.com,10.062,,10.062
2021-12-22T21:45:04.412+05:00,LOADTIME,verizon.com,26.657,,26.657
2021-12-22T21:45:18.766+05:00,LOADTIME,crunchyroll.com,10.057,,10.057
2021-12-22T21:45:41.343+05:00,LOADTIME,chron.com,18.466,,18.466
2021-12-22T21:45:57.898+05:00,LOADTIME,asahi.com,12.429,,12.429
2021-12-22T21:46:06.631+05:00,LOADTIME,livemint.com,4.538,,4.538
2021-12-22T21:46:13.265+05:00,LOADTIME,opensooq.com,2.605,,2.605
2021-12-22T21:46:21.505+05:00,LOADTIME,hootsuite.com,4.218,,4.218
2021-12-22T21:46:39.192+05:00,LOADTIME,znds.com,13.62,,13.62
2021-12-22T21:46:44.539+05:00,LOADTIME,shopee.sg,1.328,,1.328
2021-12-22T21:46:55.445+05:00,LOADTIME,rakuten.com,6.863,,6.863
2021-12-22T21:47:26.820+05:00,LOADTIME,cafe24.com,27.328,,27.328
2021-12-22T21:47:35.727+05:00,LOADTIME,ebay.com.au,4.871,,4.871
2021-12-22T21:47:42.414+05:00,LOADTIME,fool.com,2.632,,2.632
2021-12-22T21:47:48.173+05:00,LOADTIME,google.ro,1.735,,1.735
2021-12-22T21:47:59.862+05:00,LOADTIME,patria.org.ve,7.665,,7.665
2021-12-22T21:48:14.614+05:00,LOADTIME,cbssports.com,10.732,,10.732
2021-12-22T21:48:24.047+05:00,LOADTIME,zoho.com,5.288,,5.288
2021-12-22T21:48:36.396+05:00,LOADTIME,ivi.ru,8.309,,8.309
2021-12-22T21:48:44.993+05:00,LOADTIME,livedoor.com,4.556,,4.556
2021-12-22T21:48:54.618+05:00,LOADTIME,hostgator.com,5.575,,5.575
2021-12-22T21:49:06.313+05:00,LOADTIME,bola.com,7.662,,7.662
2021-12-22T21:49:16.457+05:00,LOADTIME,myntra.com,6.075,,6.075
2021-12-22T21:49:25.248+05:00,LOADTIME,coinbase.com,4.753,,4.753
2021-12-22T21:49:32.387+05:00,LOADTIME,cdc.gov,3.117,,3.117
2021-12-22T21:49:39.926+05:00,LOADTIME,endclothing.com,3.513,,3.513
2021-12-22T21:49:55.085+05:00,LOADTIME,united.com,11.137,,11.137
2021-12-22T21:50:02.066+05:00,LOADTIME,discover.com,2.917,,2.917
2021-12-22T21:50:12.883+05:00,LOADTIME,realestate.com.au,6.785,,6.785
2021-12-22T21:51:16.990+05:00,TIMEOUT,dangdang.com,60.019,ERR_TIMEOUT,ERR_TIMEOUT
2021-12-22T21:51:25.324+05:00,LOADTIME,tampermonkey.net,4.311,,4.311
2021-12-22T21:51:37.520+05:00,LOADTIME,eluniverso.com,8.129,,8.129
2021-12-22T21:51:43.312+05:00,LOADTIME,blackboard.com,1.724,,1.724
2021-12-22T21:51:50.135+05:00,LOADTIME,woocommerce.com,2.797,,2.797
2021-12-22T21:52:04.178+05:00,LOADTIME,zendesk.com,10.026,,10.026
2021-12-22T21:52:21.587+05:00,LOADTIME,irctc.co.in,13.36,,13.36
2021-12-22T21:52:30.785+05:00,LOADTIME,globalsources.com,5.077,,5.077
2021-12-22T21:52:47.485+05:00,LOADTIME,techcrunch.com,10.727,,10.727
2021-12-22T21:52:53.209+05:00,LOADTIME,google.pl,1.602,,1.602
2021-12-22T21:53:02.665+05:00,LOADTIME,digiato.com,5.433,,5.433
2021-12-22T21:53:11.702+05:00,LOADTIME,ninisite.com,5.006,,5.006
2021-12-22T21:53:21.084+05:00,LOADTIME,thestartmagazine.com,5.356,,5.356
2021-12-22T21:53:33.453+05:00,LOADTIME,khanacademy.org,8.326,,8.326
2021-12-22T21:53:39.266+05:00,LOADTIME,wise.com,1.796,,1.796
2021-12-22T21:54:43.354+05:00,TIMEOUT,wowhead.com,60.017,ERR_TIMEOUT,ERR_TIMEOUT
2021-12-22T21:54:52.045+05:00,LOADTIME,javatpoint.com,4.532,,4.532
2021-12-22T21:54:58.693+05:00,LOADTIME,gettyimages.com,2.624,,2.624
2021-12-22T21:55:12.444+05:00,LOADTIME,rediff.com,9.725,,9.725
2021-12-22T21:55:33.961+05:00,LOADTIME,hangseng.com,17.46,,17.46
2021-12-22T21:55:49.116+05:00,LOADTIME,aajtak.in,11.116,,11.116
2021-12-22T21:56:01.364+05:00,LOADTIME,dafont.com,8.124,,8.124
2021-12-22T21:56:07.987+05:00,LOADTIME,gtmetrix.com,2.54,,2.54
2021-12-22T21:56:21.610+05:00,LOADTIME,dbs.com.sg,9.596,,9.596
2021-12-22T21:56:37.720+05:00,LOADTIME,a8.net,12.08,,12.08
2021-12-22T21:56:43.535+05:00,LOADTIME,google.com.pe,1.793,,1.793
2021-12-22T21:57:01.809+05:00,LOADTIME,nbcnews.com,14.259,,14.259
2021-12-22T21:57:10.886+05:00,LOADTIME,ria.ru,4.972,,4.972
2021-12-22T21:57:21.416+05:00,LOADTIME,vanguard.com,6.488,,6.488
2021-12-22T21:57:30.419+05:00,LOADTIME,gyazo.com,4.961,,4.961
2021-12-22T21:57:40.910+05:00,LOADTIME,clickbank.com,6.459,,6.459
2021-12-22T21:58:44.951+05:00,TIMEOUT,scribd.com,60.02,ERR_TIMEOUT,ERR_TIMEOUT
2021-12-22T21:58:50.521+05:00,LOADTIME,shopee.vn,1.55,,1.55
2021-12-22T21:59:01.074+05:00,LOADTIME,gotowebinar.com,6.517,,6.517
2021-12-22T21:59:08.971+05:00,LOADTIME,themeforest.net,3.854,,3.854
2021-12-22T21:59:19.126+05:00,LOADTIME,lancers.jp,6.123,,6.123
2021-12-22T22:00:23.171+05:00,TIMEOUT,52pk.com,60.021,ERR_TIMEOUT,ERR_TIMEOUT
2021-12-22T22:00:29.717+05:00,LOADTIME,google.co.kr,2.517,,2.517
2021-12-22T22:00:39.813+05:00,LOADTIME,vistaprint.com,6.073,,6.073
2021-12-22T22:00:47.446+05:00,LOADTIME,indiamart.com,3.53,,3.53
2021-12-22T22:00:58.215+05:00,LOADTIME,mayoclinic.org,6.69,,6.69
2021-12-22T22:01:05.607+05:00,LOADTIME,atlassian.net,3.349,,3.349
2021-12-22T22:01:10.822+05:00,LOADTIME,online-convert.com,1.184,,1.184
2021-12-22T22:01:18.685+05:00,LOADTIME,depositphotos.com,3.843,,3.843
2021-12-22T22:01:25.376+05:00,LOADTIME,getpocket.com,2.658,,2.658
2021-12-22T22:01:35.703+05:00,LOADTIME,vtv.vn,6.3,,6.3
2021-12-22T22:01:44.127+05:00,LOADTIME,quora.com,4.384,,4.384
2021-12-22T22:02:02.184+05:00,LOADTIME,poste.it,14.037,,14.037
2021-12-22T22:02:11.238+05:00,LOADTIME,bancodevenezuela.com,5.028,,5.028
2021-12-22T22:02:25.877+05:00,LOADTIME,xiaomi.com,10.618,,10.618
2021-12-22T22:02:33.215+05:00,LOADTIME,coursehero.com,3.311,,3.311
2021-12-22T22:02:40.077+05:00,LOADTIME,business.site,2.825,,2.825
2021-12-22T22:02:47.751+05:00,LOADTIME,sourceforge.net,3.657,,3.657
2021-12-22T22:02:57.127+05:00,LOADTIME,dhl.com,5.345,,5.345
2021-12-22T22:03:05.644+05:00,LOADTIME,ecer.com,4.483,,4.483
2021-12-22T22:03:22.319+05:00,LOADTIME,gmw.cn,12.654,,12.654
2021-12-22T22:03:29.969+05:00,LOADTIME,get-express-vpn.online,3.625,,3.625
2021-12-22T22:04:25.052+05:00,LOADTIME,cnbeta.com,51.054,,51.054
2021-12-22T22:04:37.663+05:00,LOADTIME,qoo10.sg,8.515,,8.515
2021-12-22T22:04:49.135+05:00,LOADTIME,slickdeals.net,7.44,,7.44
2021-12-22T22:05:31.984+05:00,LOADTIME,mydrivers.com,38.361,,38.361
2021-12-22T22:05:36.588+05:00,LOADTIME,t.co,0.542,,0.542
2021-12-22T22:06:40.790+05:00,TIMEOUT,wiley.com,60.169,ERR_TIMEOUT,ERR_TIMEOUT
2021-12-22T22:06:47.969+05:00,LOADTIME,pexels.com,3.146,,3.146
2021-12-22T22:06:57.250+05:00,LOADTIME,juntadeandalucia.es,5.237,,5.237
2021-12-22T22:08:01.286+05:00,TIMEOUT,dostor.org,60.016,ERR_TIMEOUT,ERR_TIMEOUT
2021-12-22T22:08:10.467+05:00,LOADTIME,mit.edu,5.1,,5.1
2021-12-22T22:08:23.234+05:00,LOADTIME,abs-cbn.com,8.743,,8.743
2021-12-22T22:08:43.851+05:00,LOADTIME,tempo.co,16.578,,16.578
2021-12-22T22:08:52.916+05:00,LOADTIME,laodong.vn,4.884,,4.884
2021-12-22T22:09:01.206+05:00,LOADTIME,onet.pl,4.263,,4.263
2021-12-22T22:10:05.289+05:00,TIMEOUT,impress.co.jp,60.016,ERR_TIMEOUT,ERR_TIMEOUT
2021-12-22T22:10:12.301+05:00,LOADTIME,1337x.to,2.986,,2.986
2021-12-22T22:10:29.742+05:00,LOADTIME,uniqlo.com,13.421,,13.421
2021-12-22T22:10:35.351+05:00,LOADTIME,shopee.ph,1.46,,1.46
2021-12-22T22:10:47.785+05:00,LOADTIME,ask.com,8.333,,8.333
2021-12-22T22:10:59.514+05:00,LOADTIME,bukalapak.com,7.685,,7.685
2021-12-22T22:11:07.542+05:00,LOADTIME,ebay-kleinanzeigen.de,3.396,,3.396
2021-12-22T22:11:15.628+05:00,LOADTIME,ameblo.jp,4.063,,4.063
2021-12-22T22:11:31.635+05:00,LOADTIME,doordash.com,11.992,,11.992
2021-12-22T22:11:49.028+05:00,LOADTIME,hilton.com,13.339,,13.339
2021-12-22T22:11:58.677+05:00,LOADTIME,hubspot.com,5.48,,5.48
2021-12-22T22:12:25.336+05:00,LOADTIME,buzzfeed.com,22.619,,22.619
2021-12-22T22:12:31.378+05:00,LOADTIME,google.gr,1.85,,1.85
2021-12-22T22:12:42.889+05:00,LOADTIME,usbank.com,7.492,,7.492
2021-12-22T22:12:48.191+05:00,LOADTIME,google.com.pk,1.251,,1.251
2021-12-22T22:13:00.387+05:00,LOADTIME,eghtesadnews.com,8.176,,8.176
2021-12-22T22:13:05.736+05:00,LOADTIME,trontv.com,1.32,,1.32
2021-12-22T22:13:10.360+05:00,TIMEOUT,wattpad.com,0.595,ERR_SSL_PROTOCOL_ERROR,ERR_SSL_PROTOCOL_ERROR
2021-12-22T22:13:25.826+05:00,LOADTIME,nalog.ru,11.423,,11.423
2021-12-22T22:13:34.502+05:00,LOADTIME,haibunda.com,4.649,,4.649
2021-12-22T22:13:46.923+05:00,LOADTIME,reclameaqui.com.br,8.284,,8.284
2021-12-22T22:14:50.995+05:00,TIMEOUT,billdesk.com,60.017,ERR_TIMEOUT,ERR_TIMEOUT
2021-12-22T22:15:02.083+05:00,LOADTIME,alodokter.com,7.066,,7.066
2021-12-22T22:15:14.813+05:00,LOADTIME,kakaku.com,8.674,,8.674
2021-12-22T22:15:29.850+05:00,LOADTIME,docin.com,10.96,,10.96
2021-12-22T22:15:35.211+05:00,LOADTIME,shopee.com.my,1.337,,1.337
2021-12-22T22:16:05.148+05:00,LOADTIME,kdslife.com,25.877,,25.877
2021-12-22T22:16:18.729+05:00,LOADTIME,bloomberg.com,9.534,,9.534
2021-12-22T22:16:23.734+05:00,LOADTIME,www.gov.uk,0.872,,0.872
2021-12-22T22:16:36.181+05:00,LOADTIME,pnc.com,8.425,,8.425
2021-12-22T22:16:47.770+05:00,LOADTIME,onelogin.com,7.474,,7.474
2021-12-22T22:16:56.852+05:00,LOADTIME,tinkoff.ru,5.049,,5.049
2021-12-22T22:17:07.093+05:00,LOADTIME,ebay.co.uk,6.213,,6.213
2021-12-22T22:17:41.406+05:00,LOADTIME,huya.com,29.585,,29.585
2021-12-22T22:17:53.051+05:00,LOADTIME,worksmobile.com,7.613,,7.613
2021-12-22T22:18:16.603+05:00,LOADTIME,wegotthiscovered.com,19.528,,19.528
2021-12-22T22:18:28.365+05:00,LOADTIME,dailymotion.com,7.473,,7.473
2021-12-22T22:18:34.729+05:00,LOADTIME,ameli.fr,2.334,,2.334
2021-12-22T22:18:43.318+05:00,LOADTIME,softonic.com,4.567,,4.567
2021-12-22T22:18:58.295+05:00,LOADTIME,yoox.com,10.931,,10.931
2021-12-22T22:19:15.026+05:00,LOADTIME,ibm.com,12.657,,12.657
2021-12-22T22:19:22.951+05:00,LOADTIME,spiegel.de,3.877,,3.877
2021-12-22T22:19:27.645+05:00,LOADTIME,namnak.com,0.664,,0.664
2021-12-22T22:19:36.796+05:00,LOADTIME,ionos.com,4.916,,4.916
2021-12-22T22:19:46.874+05:00,LOADTIME,cna.com.tw,6.045,,6.045
2021-12-22T22:19:56.003+05:00,LOADTIME,t-online.de,5.071,,5.071
2021-12-22T22:20:05.901+05:00,LOADTIME,elpais.com,5.876,,5.876
2021-12-22T22:20:16.904+05:00,LOADTIME,meituan.com,6.962,,6.962
2021-12-22T22:20:27.156+05:00,LOADTIME,wplay.co,6.232,,6.232
2021-12-22T22:20:36.204+05:00,LOADTIME,thefreedictionary.com,5.008,,5.008
2021-12-22T22:20:46.616+05:00,LOADTIME,rbc.ru,6.341,,6.341
2021-12-22T22:20:56.184+05:00,LOADTIME,marca.com,5.431,,5.431
2021-12-22T22:21:05.216+05:00,LOADTIME,goodreads.com,4.986,,4.986
2021-12-22T22:21:16.689+05:00,LOADTIME,overstock.com,7.445,,7.445
2021-12-22T22:21:47.174+05:00,LOADTIME,marketwatch.com,26.45,,26.45
2021-12-22T22:22:01.786+05:00,LOADTIME,aliexpress.ru,10.431,,10.431
2021-12-22T22:22:15.938+05:00,LOADTIME,merriam-webster.com,10.098,,10.098
2021-12-22T22:22:30.473+05:00,LOADTIME,ign.com,10.328,,10.328
2021-12-22T22:22:38.976+05:00,LOADTIME,farfetch.com,4.391,,4.391
2021-12-22T22:23:43.070+05:00,TIMEOUT,mundoeducacao.uol.com.br,60.022,ERR_TIMEOUT,ERR_TIMEOUT
2021-12-22T22:23:54.853+05:00,LOADTIME,zingnews.vn,7.76,,7.76
2021-12-22T22:24:06.942+05:00,LOADTIME,greenhouse.io,8.051,,8.051
2021-12-22T22:24:31.760+05:00,LOADTIME,gusuwang.com,20.767,,20.767
2021-12-22T22:24:43.230+05:00,LOADTIME,aweber.com,7.445,,7.445
2021-12-22T22:24:53.898+05:00,LOADTIME,ebc.net.tw,6.629,,6.629
2021-12-22T22:25:05.003+05:00,LOADTIME,cnnindonesia.com,7.006,,7.006
2021-12-22T22:25:24.694+05:00,LOADTIME,marriott.com,15.632,,15.632
2021-12-22T22:25:33.390+05:00,LOADTIME,keywordtool.io,4.303,,4.303
2021-12-22T22:26:16.160+05:00,LOADTIME,www.gov.cn,38.73,,38.73
2021-12-22T22:26:29.143+05:00,LOADTIME,consultant.ru,8.964,,8.964
2021-12-22T22:26:42.106+05:00,LOADTIME,britannica.com,8.942,,8.942
2021-12-22T22:26:53.868+05:00,LOADTIME,webflow.com,7.598,,7.598
2021-12-22T22:27:03.732+05:00,LOADTIME,uptodown.com,5.825,,5.825
2021-12-22T22:27:08.591+05:00,TIMEOUT,exoclick.com,0.837,ERR_SSL_PROTOCOL_ERROR,ERR_SSL_PROTOCOL_ERROR
2021-12-22T22:27:19.565+05:00,LOADTIME,sendinblue.com,6.932,,6.932
2021-12-22T22:27:29.446+05:00,LOADTIME,cpanel.net,5.839,,5.839
2021-12-22T22:27:37.315+05:00,LOADTIME,att.com,3.841,,3.841
2021-12-22T22:28:03.082+05:00,LOADTIME,ed.gov,21.523,,21.523
2021-12-22T22:28:08.671+05:00,LOADTIME,pixabay.com,1.566,,1.566
2021-12-22T22:28:16.768+05:00,LOADTIME,thepiratebay.org,4.078,,4.078
2021-12-22T22:28:26.832+05:00,LOADTIME,gamer.com.tw,6.036,,6.036
2021-12-22T22:28:33.363+05:00,LOADTIME,google.com.ua,2.51,,2.51
2021-12-22T22:28:44.966+05:00,LOADTIME,cybozu.com,7.582,,7.582
2021-12-22T22:28:54.753+05:00,LOADTIME,kijiji.ca,5.758,,5.758
2021-12-22T22:29:00.736+05:00,LOADTIME,google.co.ve,1.711,,1.711
2021-12-22T22:29:07.522+05:00,LOADTIME,feedly.com,2.761,,2.761
2021-12-22T22:29:19.557+05:00,LOADTIME,jpnn.com,8.003,,8.003
2021-12-22T22:29:25.588+05:00,LOADTIME,steamcommunity.com,1.965,,1.965
2021-12-22T22:29:34.324+05:00,LOADTIME,ebay.it,4.716,,4.716
2021-12-22T22:29:43.837+05:00,LOADTIME,bigcommerce.com,5.464,,5.464
2021-12-22T22:29:53.664+05:00,LOADTIME,viva.co.id,5.74,,5.74
2021-12-22T22:30:02.714+05:00,LOADTIME,elmogaz.com,4.893,,4.893
2021-12-22T22:31:06.780+05:00,TIMEOUT,schwab.com,60.013,ERR_TIMEOUT,ERR_TIMEOUT
2021-12-22T22:31:12.233+05:00,LOADTIME,guru99.com,1.417,,1.417
2021-12-22T22:31:22.127+05:00,LOADTIME,workable.com,5.878,,5.878
2021-12-22T22:31:27.060+05:00,TIMEOUT,deviantart.com,0.911,ERR_SSL_PROTOCOL_ERROR,ERR_SSL_PROTOCOL_ERROR
2021-12-22T22:31:34.720+05:00,LOADTIME,giphy.com,3.623,,3.623
2021-12-22T22:31:46.458+05:00,LOADTIME,u.gg,7.718,,7.718
2021-12-22T22:32:02.265+05:00,LOADTIME,discord.com,11.592,,11.592
2021-12-22T22:32:38.372+05:00,LOADTIME,focus.cn,32.085,,32.085
2021-12-22T22:32:47.961+05:00,LOADTIME,ny.gov,5.517,,5.517
2021-12-22T22:33:28.492+05:00,LOADTIME,oeeee.com,36.514,,36.514
2021-12-22T22:33:34.253+05:00,LOADTIME,google.az,1.735,,1.735
2021-12-22T22:33:51.438+05:00,LOADTIME,cnbcindonesia.com,13.163,,13.163
2021-12-22T22:34:03.330+05:00,LOADTIME,newegg.com,7.823,,7.823
2021-12-22T22:34:13.691+05:00,LOADTIME,amazon.es,5.876,,5.876
2021-12-22T22:34:20.576+05:00,LOADTIME,css-tricks.com,2.843,,2.843
2021-12-22T22:34:30.604+05:00,LOADTIME,hamariweb.com,6.002,,6.002
2021-12-22T22:34:36.246+05:00,LOADTIME,google.cl,1.568,,1.568
2021-12-22T22:34:46.540+05:00,LOADTIME,jawapos.com,6.268,,6.268
2021-12-22T22:34:55.618+05:00,LOADTIME,files.wordpress.com,4.973,,4.973
2021-12-22T22:35:03.038+05:00,LOADTIME,turkiye.gov.tr,3.377,,3.377
2021-12-22T22:35:14.762+05:00,LOADTIME,pole-emploi.fr,7.703,,7.703
2021-12-22T22:35:22.365+05:00,LOADTIME,europa.eu,3.545,,3.545
2021-12-22T22:35:30.772+05:00,LOADTIME,discordapp.com,4.386,,4.386
2021-12-22T22:35:39.056+05:00,LOADTIME,mynavi.jp,4.256,,4.256
2021-12-22T22:35:49.578+05:00,LOADTIME,kp.ru,6.5,,6.5
2021-12-22T22:35:59.129+05:00,LOADTIME,nextdoor.com,5.533,,5.533
2021-12-22T22:36:14.015+05:00,LOADTIME,net-a-porter.com,10.836,,10.836
2021-12-22T22:36:22.556+05:00,LOADTIME,17track.net,4.472,,4.472
2021-12-22T22:36:36.821+05:00,LOADTIME,invisionapp.com,10.209,,10.209
2021-12-22T22:36:48.783+05:00,LOADTIME,linguee.com,7.928,,7.928
2021-12-22T22:37:28.351+05:00,LOADTIME,poshmark.com,35.455,,35.455
2021-12-22T22:37:39.150+05:00,LOADTIME,retailmenot.com,6.762,,6.762
2021-12-22T22:37:52.940+05:00,LOADTIME,premierbet.co.ao,9.727,,9.727
2021-12-22T22:38:06.544+05:00,LOADTIME,free.fr,9.554,,9.554
2021-12-22T22:38:20.070+05:00,LOADTIME,livejournal.com,9.5,,9.5
2021-12-22T22:39:07.342+05:00,LOADTIME,thegatewaypundit.com,35.257,,35.257
2021-12-22T22:39:14.811+05:00,LOADTIME,quillbot.com,3.442,,3.442
2021-12-22T22:39:21.574+05:00,LOADTIME,eatthis.com,2.734,,2.734
2021-12-22T22:39:29.606+05:00,LOADTIME,regecish.net,4.014,,4.014
2021-12-22T22:39:41.541+05:00,LOADTIME,icims.com,7.898,,7.898
2021-12-22T22:39:49.676+05:00,LOADTIME,springer.com,4.098,,4.098
2021-12-22T22:40:08.441+05:00,LOADTIME,constantcontact.com,14.737,,14.737
2021-12-22T22:40:26.616+05:00,LOADTIME,nicovideo.jp,14.09,,14.09
2021-12-22T22:40:37.588+05:00,LOADTIME,donya-e-eqtesad.com,6.862,,6.862
2021-12-22T22:40:51.462+05:00,LOADTIME,bamboohr.com,9.847,,9.847
2021-12-22T22:41:01.348+05:00,LOADTIME,hindustantimes.com,5.766,,5.766
2021-12-22T22:41:13.186+05:00,LOADTIME,noon.com,7.81,,7.81
2021-12-22T22:41:22.167+05:00,LOADTIME,kayak.com,4.907,,4.907
2021-12-22T22:41:33.006+05:00,LOADTIME,yektanet.com,6.813,,6.813
2021-12-22T22:41:39.310+05:00,LOADTIME,tutorialspoint.com,2.283,,2.283
2021-12-22T22:42:23.420+05:00,LOADTIME,ih5.cn,40.087,,40.087
2021-12-22T22:42:33.290+05:00,LOADTIME,glassdoor.co.in,5.844,,5.844
2021-12-22T22:42:44.368+05:00,LOADTIME,etrade.com,7,,7
2021-12-22T22:42:54.631+05:00,LOADTIME,seekingalpha.com,6.24,,6.24
2021-12-22T22:43:19.311+05:00,LOADTIME,pchome.com.tw,20.597,,20.597
2021-12-22T22:43:32.460+05:00,LOADTIME,kooora.com,9.084,,9.084
2021-12-22T22:44:02.204+05:00,LOADTIME,zol.com.cn,25.65,,25.65
2021-12-22T22:44:20.727+05:00,LOADTIME,mercadolibre.com.co,14.481,,14.481
2021-12-22T22:44:27.940+05:00,LOADTIME,evernote.com,3.174,,3.174
2021-12-22T22:44:35.083+05:00,TIMEOUT,southcn.com,3.12,ERR_SSL_PROTOCOL_ERROR,ERR_SSL_PROTOCOL_ERROR
2021-12-22T22:44:41.029+05:00,LOADTIME,google.co.id,1.903,,1.903
2021-12-22T22:44:48.183+05:00,LOADTIME,clickpost.jp,3.131,,3.131
2021-12-22T22:44:53.863+05:00,LOADTIME,google.co.za,1.655,,1.655
2021-12-22T22:45:01.721+05:00,LOADTIME,hi.ru,3.842,,3.842
2021-12-22T22:45:14.780+05:00,LOADTIME,qualtrics.com,8.972,,8.972
2021-12-22T22:45:20.752+05:00,LOADTIME,wordreference.com,1.902,,1.902
2021-12-22T22:45:26.332+05:00,LOADTIME,nordstrom.com,1.561,,1.561
2021-12-22T22:45:37.064+05:00,LOADTIME,trulia.com,6.717,,6.717
2021-12-22T22:45:47.624+05:00,LOADTIME,express.dhl,6.532,,6.532
2021-12-22T22:46:51.674+05:00,TIMEOUT,usatoday.com,60.02,ERR_TIMEOUT,ERR_TIMEOUT
2021-12-22T22:46:59.186+05:00,LOADTIME,shareasale.com,3.345,,3.345
2021-12-22T22:47:11.829+05:00,LOADTIME,lazada.co.th,8.618,,8.618
2021-12-22T22:47:22.339+05:00,LOADTIME,buffer.com,6.431,,6.431
2021-12-22T22:48:00.870+05:00,LOADTIME,douban.com,34.503,,34.503
2021-12-22T22:48:08.944+05:00,LOADTIME,wondershare.com,4.044,,4.044
2021-12-22T22:48:48.460+05:00,LOADTIME,elwatannews.com,35.487,,35.487
2021-12-22T22:48:59.834+05:00,LOADTIME,banggood.com,7.315,,7.315
2021-12-22T22:49:09.715+05:00,LOADTIME,accuweather.com,5.827,,5.827
2021-12-22T22:49:26.108+05:00,LOADTIME,oraclecloud.com,12.304,,12.304
2021-12-22T22:50:30.156+05:00,TIMEOUT,2345.com,60.015,ERR_TIMEOUT,ERR_TIMEOUT
2021-12-22T22:50:44.321+05:00,LOADTIME,idntimes.com,10.111,,10.111
2021-12-22T22:50:51.322+05:00,LOADTIME,tandfonline.com,2.886,,2.886
2021-12-22T22:51:02.188+05:00,LOADTIME,joinhoney.com,6.812,,6.812
2021-12-22T22:51:15.892+05:00,LOADTIME,hatenablog.com,9.65,,9.65
2021-12-22T22:51:26.254+05:00,LOADTIME,espncricinfo.com,6.276,,6.276
2021-12-22T22:51:32.205+05:00,LOADTIME,google.nl,1.852,,1.852
2021-12-22T22:51:38.374+05:00,LOADTIME,ouo.io,2.139,,2.139
2021-12-22T22:51:43.742+05:00,LOADTIME,convertio.co,1.353,,1.353
2021-12-22T22:51:52.784+05:00,LOADTIME,dell.com,4.755,,4.755
2021-12-22T22:51:59.862+05:00,LOADTIME,mathrubhumi.com,3.019,,3.019
2021-12-22T22:52:11.045+05:00,LOADTIME,nvidia.com,7.15,,7.15
2021-12-22T22:52:20.139+05:00,LOADTIME,bitly.com,5.055,,5.055
2021-12-22T22:53:01.177+05:00,LOADTIME,biblegateway.com,37.012,,37.012
2021-12-22T22:53:19.763+05:00,LOADTIME,aa.com,14.536,,14.536
2021-12-22T22:53:24.608+05:00,TIMEOUT,heavy.com,0.698,ERR_SSL_PROTOCOL_ERROR,ERR_SSL_PROTOCOL_ERROR
2021-12-22T22:53:37.509+05:00,LOADTIME,ukr.net,8.864,,8.864
2021-12-22T22:53:42.333+05:00,TIMEOUT,mlb.com,0.734,ERR_SSL_PROTOCOL_ERROR,ERR_SSL_PROTOCOL_ERROR
2021-12-22T22:54:46.397+05:00,TIMEOUT,yumpu.com,60.022,ERR_TIMEOUT,ERR_TIMEOUT
2021-12-22T22:54:58.506+05:00,LOADTIME,shein.com,8.079,,8.079
2021-12-22T22:55:11.340+05:00,LOADTIME,syf.com,8.742,,8.742
2021-12-22T22:55:21.776+05:00,LOADTIME,asos.com,6.396,,6.396
2021-12-22T22:55:33.372+05:00,LOADTIME,lenovo.com,7.533,,7.533
2021-12-22T22:55:47.267+05:00,LOADTIME,pcmag.com,9.847,,9.847
2021-12-22T22:55:53.089+05:00,LOADTIME,cloudconvert.com,1.716,,1.716
2021-12-22T22:56:10.149+05:00,LOADTIME,iqiyi.com,13.043,,13.043
2021-12-22T22:56:25.237+05:00,LOADTIME,webex.com,11.023,,11.023
2021-12-22T22:56:34.420+05:00,LOADTIME,credit-agricole.fr,5.098,,5.098
2021-12-22T22:56:44.531+05:00,LOADTIME,td.com,6.088,,6.088
2021-12-22T22:56:55.042+05:00,LOADTIME,hotels.com,6.474,,6.474
2021-12-22T22:57:07.454+05:00,LOADTIME,ancestry.com,8.382,,8.382
2021-12-22T22:57:16.228+05:00,LOADTIME,lowes.com,4.712,,4.712
2021-12-22T22:57:36.183+05:00,LOADTIME,nypost.com,15.894,,15.894
2021-12-22T22:57:43.475+05:00,LOADTIME,rt.com,3.105,,3.105
2021-12-22T22:57:51.284+05:00,LOADTIME,ensonhaber.com,3.784,,3.784
2021-12-22T22:57:58.061+05:00,LOADTIME,motorplus-online.com,2.737,,2.737
2021-12-22T22:58:07.921+05:00,LOADTIME,104.com.tw,5.808,,5.808
2021-12-22T22:58:15.096+05:00,LOADTIME,sozcu.com.tr,3.146,,3.146
2021-12-22T22:58:23.342+05:00,LOADTIME,gmx.net,4.21,,4.21
2021-12-22T22:58:30.028+05:00,LOADTIME,wpengine.com,2.662,,2.662
2021-12-22T22:58:40.906+05:00,LOADTIME,ultimate-guitar.com,6.853,,6.853
2021-12-22T22:58:47.838+05:00,LOADTIME,shopify.com,2.843,,2.843
2021-12-22T22:58:53.159+05:00,LOADTIME,yt1s.com,1.257,,1.257
2021-12-22T22:59:01.413+05:00,LOADTIME,strava.com,4.238,,4.238
2021-12-22T22:59:10.362+05:00,LOADTIME,aruba.it,4.931,,4.931
2021-12-22T22:59:18.005+05:00,LOADTIME,houzz.com,3.614,,3.614
2021-12-22T22:59:28.399+05:00,LOADTIME,squarespace.com,6.357,,6.357
2021-12-22T22:59:39.190+05:00,LOADTIME,smartsheet.com,6.602,,6.602
2021-12-22T22:59:47.098+05:00,LOADTIME,filimo.com,3.852,,3.852
2021-12-22T22:59:56.070+05:00,LOADTIME,mos.ru,4.948,,4.948
2021-12-22T23:00:06.128+05:00,LOADTIME,samsclub.com,6.023,,6.023
2021-12-22T23:00:17.461+05:00,LOADTIME,w3school.com.cn,7.151,,7.151
2021-12-22T23:00:29.021+05:00,LOADTIME,xe.com,7.537,,7.537
2021-12-22T23:00:43.095+05:00,LOADTIME,people.com,9.963,,9.963
2021-12-22T23:00:53.962+05:00,LOADTIME,canada.ca,6.643,,6.643
2021-12-22T23:01:03.267+05:00,LOADTIME,dawn.com,5.193,,5.193
2021-12-22T23:01:11.596+05:00,LOADTIME,xero.com,4.269,,4.269
2021-12-22T23:01:20.195+05:00,LOADTIME,notion.so,4.563,,4.563
2021-12-22T23:01:29.863+05:00,LOADTIME,gogoanime.ai,5.596,,5.596
2021-12-22T23:01:37.300+05:00,LOADTIME,zippyshare.com,3.415,,3.415
2021-12-22T23:01:52.560+05:00,LOADTIME,itmedia.co.jp,11.244,,11.244
2021-12-22T23:02:00.968+05:00,LOADTIME,medicalnewstoday.com,4.301,,4.301
2021-12-22T23:02:17.358+05:00,LOADTIME,eksisozluk.com,12.34,,12.34
2021-12-22T23:02:25.794+05:00,LOADTIME,indianexpress.com,4.14,,4.14
2021-12-22T23:02:31.264+05:00,LOADTIME,9gag.com,1.415,,1.415
2021-12-22T23:02:41.712+05:00,LOADTIME,lenta.ru,6.395,,6.395
2021-12-22T23:03:45.932+05:00,TIMEOUT,service-now.com,60.019,ERR_TIMEOUT,ERR_TIMEOUT
2021-12-22T23:03:54.600+05:00,LOADTIME,eventbrite.com,4.613,,4.613
2021-12-22T23:04:03.164+05:00,LOADTIME,disqus.com,4.542,,4.542
2021-12-22T23:04:11.029+05:00,LOADTIME,duolingo.com,3.841,,3.841
2021-12-22T23:05:15.086+05:00,TIMEOUT,coinmarketcap.com,60.023,ERR_TIMEOUT,ERR_TIMEOUT
2021-12-22T23:05:27.333+05:00,LOADTIME,nownews.com,8.218,,8.218
2021-12-22T23:05:38.835+05:00,LOADTIME,milliyet.com.tr,7.395,,7.395
2021-12-22T23:05:51.231+05:00,LOADTIME,theoutnet.com,8.298,,8.298
2021-12-22T23:06:00.367+05:00,LOADTIME,olx.pl,5.048,,5.048
2021-12-22T23:06:07.524+05:00,LOADTIME,web.de,3.103,,3.103
2021-12-22T23:06:20.744+05:00,LOADTIME,t-mobile.com,9.176,,9.176
2021-12-22T23:06:28.023+05:00,LOADTIME,shahid4u.land,3.123,,3.123
2021-12-22T23:06:43.586+05:00,LOADTIME,anchor.fm,11.547,,11.547
2021-12-22T23:06:58.723+05:00,LOADTIME,reuters.com,11.092,,11.092
2021-12-22T23:07:07.142+05:00,LOADTIME,kemdikbud.go.id,4.28,,4.28
2021-12-22T23:07:16.756+05:00,LOADTIME,interia.pl,5.59,,5.59
2021-12-22T23:07:43.465+05:00,LOADTIME,mercadolibre.com.ve,22.66,,22.66
2021-12-22T23:07:50.625+05:00,LOADTIME,messenger.com,3.101,,3.101
2021-12-22T23:08:01.827+05:00,LOADTIME,audible.com,7.02,,7.02
2021-12-22T23:08:12.368+05:00,LOADTIME,wish.com,6.467,,6.467
2021-12-22T23:08:22.571+05:00,LOADTIME,lifo.gr,6.112,,6.112
2021-12-22T23:08:39.449+05:00,LOADTIME,tdameritrade.com,12.843,,12.843
2021-12-22T23:08:50.428+05:00,LOADTIME,todamateria.com.br,6.908,,6.908
2021-12-22T23:09:05.131+05:00,LOADTIME,pinterest.jp,10.638,,10.638
2021-12-22T23:09:15.964+05:00,LOADTIME,rottentomatoes.com,6.806,,6.806
2021-12-22T23:09:23.015+05:00,LOADTIME,prothomalo.com,3.001,,3.001
2021-12-22T23:09:31.100+05:00,LOADTIME,bolasport.com,4.028,,4.028
2021-12-22T23:09:45.113+05:00,LOADTIME,ndtv.com,9.9,,9.9
2021-12-22T23:09:51.417+05:00,LOADTIME,haraj.com.sa,2.208,,2.208
2021-12-22T23:09:58.194+05:00,LOADTIME,nairaland.com,2.742,,2.742
2021-12-22T23:10:09.006+05:00,LOADTIME,zappos.com,6.767,,6.767
2021-12-22T23:10:17.285+05:00,LOADTIME,wp.pl,4.238,,4.238
2021-12-22T23:10:35.775+05:00,LOADTIME,goo.ne.jp,14.457,,14.457
2021-12-22T23:10:49.325+05:00,LOADTIME,seznam.cz,9.469,,9.469
2021-12-22T23:11:00.850+05:00,LOADTIME,pipedrive.com,7.431,,7.431
2021-12-22T23:11:12.587+05:00,LOADTIME,businessinsider.com,7.699,,7.699
2021-12-22T23:11:19.974+05:00,LOADTIME,fc2.com,3.299,,3.299
2021-12-22T23:11:33.357+05:00,LOADTIME,addthis.com,9.357,,9.357
2021-12-22T23:11:50.282+05:00,LOADTIME,pinimg.com,12.896,,12.896
2021-12-22T23:12:18.022+05:00,LOADTIME,kontan.co.id,23.711,,23.711
2021-12-22T23:12:29.776+05:00,LOADTIME,autodesk.com,7.608,,7.608
2021-12-22T23:12:35.849+05:00,LOADTIME,cyberleninka.ru,1.763,,1.763
2021-12-22T23:12:46.854+05:00,LOADTIME,worldometers.info,6.982,,6.982
2021-12-22T23:12:58.917+05:00,LOADTIME,teachable.com,7.995,,7.995
2021-12-22T23:13:06.121+05:00,LOADTIME,autotrader.com,3.168,,3.168
2021-12-22T23:13:18.154+05:00,LOADTIME,aol.com,8.01,,8.01
2021-12-22T23:13:30.598+05:00,LOADTIME,epicgames.com,8.276,,8.276
2021-12-22T23:13:38.023+05:00,LOADTIME,patch.com,3.335,,3.335
2021-12-22T23:14:16.092+05:00,LOADTIME,inquirer.net,34.034,,34.034
2021-12-22T23:14:27.355+05:00,LOADTIME,hh.ru,7.052,,7.052
2021-12-22T23:14:37.374+05:00,LOADTIME,mercadolivre.com.br,5.886,,5.886
2021-12-22T23:14:50.311+05:00,LOADTIME,vnexpress.net,8.903,,8.903
2021-12-22T23:14:56.305+05:00,LOADTIME,semrush.com,1.847,,1.847
2021-12-22T23:15:03.442+05:00,LOADTIME,jotform.com,3.106,,3.106
2021-12-22T23:15:28.300+05:00,LOADTIME,divar.ir,20.827,,20.827
2021-12-22T23:15:35.552+05:00,LOADTIME,dcard.tw,3.218,,3.218
2021-12-22T23:15:49.347+05:00,LOADTIME,orange.fr,9.739,,9.739
2021-12-22T23:15:55.611+05:00,LOADTIME,pixlr.com,2.236,,2.236
2021-12-22T23:16:17.913+05:00,LOADTIME,oracle.com,18.278,,18.278
2021-12-22T23:16:35.985+05:00,LOADTIME,citi.com,14.041,,14.041
2021-12-22T23:17:40.128+05:00,TIMEOUT,breitbart.com,60.02,ERR_TIMEOUT,ERR_TIMEOUT
2021-12-22T23:18:00.639+05:00,LOADTIME,almaghreb24.com,16.406,,16.406
2021-12-22T23:18:08.530+05:00,LOADTIME,vrbo.com,3.783,,3.783
2021-12-22T23:18:19.670+05:00,LOADTIME,meetup.com,7.1,,7.1
2021-12-22T23:18:35.026+05:00,LOADTIME,wowma.jp,11.321,,11.321
2021-12-22T23:18:55.056+05:00,LOADTIME,anjuke.com,15.979,,15.979
2021-12-22T23:19:04.384+05:00,LOADTIME,gsmarena.com,5.303,,5.303
2021-12-22T23:19:11.831+05:00,LOADTIME,qiita.com,3.359,,3.359
2021-12-22T23:19:27.516+05:00,LOADTIME,tass.ru,11.635,,11.635
2021-12-22T23:19:40.494+05:00,LOADTIME,alimama.com,8.943,,8.943
2021-12-22T23:19:49.901+05:00,LOADTIME,iherb.com,5.382,,5.382
2021-12-22T23:19:55.535+05:00,LOADTIME,shopee.co.th,1.531,,1.531
2021-12-22T23:20:02.811+05:00,LOADTIME,wordpress.org,3.106,,3.106
2021-12-22T23:20:10.663+05:00,LOADTIME,groupon.com,3.827,,3.827
2021-12-22T23:20:25.415+05:00,LOADTIME,cisco.com,10.698,,10.698
2021-12-22T23:20:33.600+05:00,LOADTIME,asus.com,4.083,,4.083
2021-12-22T23:20:48.718+05:00,LOADTIME,mercadolibre.com.ar,11.09,,11.09
2021-12-22T23:20:56.013+05:00,LOADTIME,kapanlagi.com,3.231,,3.231
2021-12-22T23:21:04.124+05:00,LOADTIME,trustpilot.com,3.993,,3.993
2021-12-22T23:21:10.648+05:00,LOADTIME,protonmail.com,2.489,,2.489
2021-12-22T23:21:22.785+05:00,LOADTIME,indiatoday.in,8.117,,8.117
2021-12-22T23:21:31.037+05:00,LOADTIME,storm.mg,4.12,,4.12
2021-12-22T23:21:50.056+05:00,LOADTIME,thethao247.vn,14.764,,14.764
