timestamp,url,URL,TIME,ERROR CODE,FINAL
2021-12-23T21:38:34.776+05:00,LOADTIME,google.com,3.265,,3.265
2021-12-23T21:38:41.347+05:00,LOADTIME,youtube.com,2.458,,2.458
2021-12-23T21:38:56.820+05:00,LOADTIME,tmall.com,11.443,,11.443
2021-12-23T21:39:09.444+05:00,TIMEOUT,qq.com,8.59,ERR_CONNECTION_RESET,ERR_CONNECTION_RESET
2021-12-23T21:39:22.153+05:00,LOADTIME,baidu.com,8.587,,8.587
2021-12-23T21:39:52.937+05:00,LOADTIME,sohu.com,26.763,,26.763
2021-12-23T21:39:59.012+05:00,LOADTIME,facebook.com,2.022,,2.022
2021-12-23T21:40:09.885+05:00,LOADTIME,taobao.com,6.839,,6.839
2021-12-23T21:40:24.202+05:00,LOADTIME,360.cn,10.273,,10.273
2021-12-23T21:40:38.198+05:00,LOADTIME,jd.com,9.974,,9.974
2021-12-23T21:40:51.159+05:00,LOADTIME,yahoo.com,8.406,,8.406
2021-12-23T21:41:02.091+05:00,LOADTIME,amazon.com,6.821,,6.821
2021-12-23T21:41:12.339+05:00,LOADTIME,zoom.us,5.811,,5.811
2021-12-23T21:41:18.657+05:00,LOADTIME,wikipedia.org,1.857,,1.857
2021-12-23T21:41:37.129+05:00,LOADTIME,weibo.com,14.45,,14.45
2021-12-23T21:42:14.787+05:00,LOADTIME,sina.com.cn,33.607,,33.607
2021-12-23T21:42:23.431+05:00,LOADTIME,live.com,4.59,,4.59
2021-12-23T21:42:34.046+05:00,LOADTIME,microsoft.com,6.58,,6.58
2021-12-23T21:42:43.065+05:00,LOADTIME,reddit.com,4.99,,4.99
2021-12-23T21:42:51.400+05:00,LOADTIME,office.com,4.304,,4.304
2021-12-23T21:43:02.695+05:00,LOADTIME,netflix.com,7.277,,7.277
2021-12-23T21:44:07.444+05:00,TIMEOUT,zhanqi.tv,60.7,ERR_TIMEOUT,ERR_TIMEOUT
2021-12-23T21:44:13.225+05:00,LOADTIME,panda.tv,1.755,,1.755
2021-12-23T21:44:19.834+05:00,LOADTIME,instagram.com,2.593,,2.593
2021-12-23T21:44:29.591+05:00,LOADTIME,force.com,5.726,,5.726
2021-12-23T21:44:46.475+05:00,LOADTIME,csdn.net,12.838,,12.838
2021-12-23T21:44:51.209+05:00,LOADTIME,bing.com,0.708,,0.708
2021-12-23T21:44:56.742+05:00,LOADTIME,myshopify.com,1.504,,1.504
2021-12-23T21:45:05.092+05:00,LOADTIME,vk.com,4.335,,4.335
2021-12-23T21:45:11.205+05:00,LOADTIME,google.com.hk,2.082,,2.082
2021-12-23T21:45:24.090+05:00,LOADTIME,yahoo.co.jp,8.868,,8.868
2021-12-23T21:45:35.021+05:00,LOADTIME,naver.com,6.882,,6.882
2021-12-23T21:46:05.306+05:00,LOADTIME,bongacams.com,26.254,,26.254
2021-12-23T21:46:35.911+05:00,LOADTIME,okezone.com,26.566,,26.566
2021-12-23T21:46:44.313+05:00,LOADTIME,adobe.com,4.316,,4.316
2021-12-23T21:47:00.012+05:00,LOADTIME,salesforce.com,11.63,,11.63
2021-12-23T21:47:05.639+05:00,LOADTIME,twitter.com,1.579,,1.579
2021-12-23T21:47:13.564+05:00,LOADTIME,ebay.com,3.893,,3.893
2021-12-23T21:48:18.519+05:00,TIMEOUT,huanqiu.com,60.017,ERR_TIMEOUT,ERR_TIMEOUT
2021-12-23T21:48:25.769+05:00,LOADTIME,apple.com,3.228,,3.228
2021-12-23T21:48:36.564+05:00,LOADTIME,twitch.tv,6.775,,6.775
2021-12-23T21:48:56.713+05:00,LOADTIME,yy.com,16.11,,16.11
2021-12-23T21:49:13.783+05:00,LOADTIME,tianya.cn,13.039,,13.039
2021-12-23T21:49:23.643+05:00,LOADTIME,amazon.in,5.841,,5.841
2021-12-23T21:49:31.513+05:00,LOADTIME,amazon.co.jp,3.832,,3.832
2021-12-23T21:49:37.243+05:00,LOADTIME,linkedin.com,1.708,,1.708
2021-12-23T21:49:47.701+05:00,LOADTIME,aliexpress.com,6.422,,6.422
2021-12-23T21:49:59.438+05:00,LOADTIME,slack.com,7.698,,7.698
2021-12-23T21:50:17.153+05:00,LOADTIME,chaturbate.com,9.256,,9.256
2021-12-23T21:50:21.967+05:00,TIMEOUT,yandex.ru,0.796,ERR_SSL_PROTOCOL_ERROR,ERR_SSL_PROTOCOL_ERROR
2021-12-23T21:50:31.070+05:00,LOADTIME,aparat.com,5.067,,5.067
2021-12-23T21:50:42.722+05:00,LOADTIME,mail.ru,7.633,,7.633
2021-12-23T21:50:52.118+05:00,LOADTIME,dropbox.com,5.356,,5.356
2021-12-23T21:51:09.535+05:00,LOADTIME,1688.com,13.386,,13.386
2021-12-23T21:51:35.902+05:00,LOADTIME,haosou.com,22.326,,22.326
2021-12-23T21:51:42.653+05:00,LOADTIME,msn.com,2.737,,2.737
2021-12-23T21:51:52.176+05:00,LOADTIME,indeed.com,5.488,,5.488
2021-12-23T21:51:58.507+05:00,LOADTIME,whatsapp.com,2.309,,2.309
2021-12-23T21:52:07.376+05:00,LOADTIME,wordpress.com,4.831,,4.831
2021-12-23T21:52:12.905+05:00,LOADTIME,google.co.in,1.503,,1.503
2021-12-23T21:52:37.223+05:00,LOADTIME,okta.com,20.3,,20.3
2021-12-23T21:52:45.574+05:00,LOADTIME,tradingview.com,4.182,,4.182
2021-12-23T21:52:54.645+05:00,LOADTIME,ok.ru,5.049,,5.049
2021-12-23T21:53:55.446+05:00,LOADTIME,babytree.com,56.784,,56.784
2021-12-23T21:54:01.199+05:00,LOADTIME,google.com.br,1.733,,1.733
2021-12-23T21:54:18.296+05:00,LOADTIME,rakuten.co.jp,13.074,,13.074
2021-12-23T21:54:33.613+05:00,LOADTIME,chase.com,11.295,,11.295
2021-12-23T21:55:39.286+05:00,TIMEOUT,alibaba.com,60.016,ERR_TIMEOUT,ERR_TIMEOUT
2021-12-23T21:55:49.997+05:00,LOADTIME,kompas.com,6.668,,6.668
2021-12-23T21:55:59.860+05:00,LOADTIME,tiktok.com,5.76,,5.76
2021-12-23T21:56:09.137+05:00,LOADTIME,canva.com,5.234,,5.234
2021-12-23T21:56:17.797+05:00,LOADTIME,tribunnews.com,4.586,,4.586
2021-12-23T21:56:27.188+05:00,LOADTIME,imdb.com,5.215,,5.215
2021-12-23T21:56:36.006+05:00,LOADTIME,etsy.com,3.809,,3.809
2021-12-23T21:56:52.798+05:00,LOADTIME,so.com,12.754,,12.754
2021-12-23T21:57:01.338+05:00,LOADTIME,freepik.com,4.519,,4.519
2021-12-23T21:57:07.128+05:00,LOADTIME,google.co.jp,1.74,,1.74
2021-12-23T21:57:12.360+05:00,LOADTIME,google.cn,1.209,,1.209
2021-12-23T21:57:26.596+05:00,LOADTIME,gome.com.cn,10.211,,10.211
2021-12-23T21:57:36.066+05:00,LOADTIME,medium.com,5.448,,5.448
2021-12-23T21:57:43.300+05:00,LOADTIME,spotify.com,3.21,,3.21
2021-12-23T21:57:49.115+05:00,LOADTIME,google.de,1.77,,1.77
2021-12-23T21:58:00.288+05:00,LOADTIME,cnblogs.com,7.155,,7.155
2021-12-23T21:58:20.776+05:00,LOADTIME,6.cn,16.444,,16.444
2021-12-23T21:58:27.407+05:00,LOADTIME,fandom.com,2.591,,2.591
2021-12-23T21:58:34.988+05:00,LOADTIME,booking.com,3.521,,3.521
2021-12-23T21:58:41.866+05:00,LOADTIME,ilovepdf.com,2.844,,2.844
2021-12-23T21:58:47.666+05:00,LOADTIME,google.fr,1.784,,1.784
2021-12-23T21:59:02.380+05:00,LOADTIME,aliyun.com,10.691,,10.691
2021-12-23T21:59:09.727+05:00,LOADTIME,udemy.com,3.302,,3.302
2021-12-23T21:59:17.720+05:00,LOADTIME,paypal.com,3.951,,3.951
2021-12-23T21:59:24.982+05:00,LOADTIME,github.com,3.23,,3.23
2021-12-23T21:59:32.300+05:00,LOADTIME,wetransfer.com,2.711,,2.711
2021-12-23T21:59:39.065+05:00,LOADTIME,zillow.com,2.744,,2.744
2021-12-23T21:59:46.863+05:00,LOADTIME,amazon.co.uk,3.751,,3.751
2021-12-23T22:00:03.646+05:00,LOADTIME,imgur.com,12.756,,12.756
2021-12-23T22:00:18.380+05:00,LOADTIME,walmart.com,10.521,,10.521
2021-12-23T22:00:27.334+05:00,LOADTIME,grammarly.com,4.915,,4.915
2021-12-23T22:00:34.839+05:00,LOADTIME,google.it,3.475,,3.475
2021-12-23T22:00:41.632+05:00,LOADTIME,savefrom.net,2.775,,2.775
2021-12-23T22:00:49.402+05:00,LOADTIME,pikiran-rakyat.com,3.735,,3.735
2021-12-23T22:00:58.888+05:00,LOADTIME,bbc.com,5.309,,5.309
2021-12-23T22:01:04.796+05:00,LOADTIME,stackoverflow.com,1.839,,1.839
2021-12-23T22:01:17.923+05:00,LOADTIME,intuit.com,9.11,,9.11
2021-12-23T22:01:48.488+05:00,LOADTIME,hao123.com,26.513,,26.513
2021-12-23T22:02:06.634+05:00,LOADTIME,espn.com,14.12,,14.12
2021-12-23T22:02:14.488+05:00,LOADTIME,tumblr.com,3.79,,3.79
2021-12-23T22:02:29.564+05:00,LOADTIME,cnn.com,11.052,,11.052
2021-12-23T22:03:50.245+05:00,TIMEOUT,nytimes.com,60.333,ERR_TIMEOUT,ERR_TIMEOUT
2021-12-23T22:03:58.884+05:00,LOADTIME,detik.com,4.538,,4.538
2021-12-23T22:04:18.905+05:00,LOADTIME,ettoday.net,15.895,,15.895
2021-12-23T22:04:27.052+05:00,LOADTIME,shutterstock.com,3.953,,3.953
2021-12-23T22:04:34.606+05:00,LOADTIME,roblox.com,3.528,,3.528
2021-12-23T22:04:40.388+05:00,LOADTIME,google.ru,1.752,,1.752
2021-12-23T22:04:45.865+05:00,LOADTIME,vimeo.com,1.46,,1.46
2021-12-23T22:04:54.096+05:00,LOADTIME,tokopedia.com,4.191,,4.191
2021-12-23T22:05:07.556+05:00,LOADTIME,office365.com,9.404,,9.404
2021-12-23T22:05:22.182+05:00,LOADTIME,daum.net,10.58,,10.58
2021-12-23T22:05:53.623+05:00,LOADTIME,kumparan.com,27.409,,27.409
2021-12-23T22:05:59.545+05:00,LOADTIME,google.es,1.863,,1.863
2021-12-23T22:06:06.478+05:00,LOADTIME,primevideo.com,2.917,,2.917
2021-12-23T22:06:21.218+05:00,LOADTIME,godaddy.com,10.72,,10.72
2021-12-23T22:06:25.948+05:00,LOADTIME,smallpdf.com,0.711,,0.711
2021-12-23T22:06:34.563+05:00,LOADTIME,deepl.com,4.549,,4.549
2021-12-23T22:07:21.749+05:00,LOADTIME,instructure.com,43.164,,43.164
2021-12-23T22:07:27.566+05:00,LOADTIME,google.com.sg,1.771,,1.771
2021-12-23T22:07:36.226+05:00,LOADTIME,pinterest.com,4.643,,4.643
2021-12-23T22:07:42.073+05:00,LOADTIME,zerodha.com,1.815,,1.815
2021-12-23T22:07:47.349+05:00,TIMEOUT,indiatimes.com,1.255,ERR_SSL_PROTOCOL_ERROR,ERR_SSL_PROTOCOL_ERROR
2021-12-23T22:07:57.955+05:00,LOADTIME,bilibili.com,6.566,,6.566
2021-12-23T22:08:10.061+05:00,LOADTIME,varzesh3.com,8.075,,8.075
2021-12-23T22:08:27.482+05:00,LOADTIME,pixnet.net,13.337,,13.337
2021-12-23T22:08:34.812+05:00,LOADTIME,soundcloud.com,3.254,,3.254
2021-12-23T22:08:43.812+05:00,LOADTIME,nih.gov,4.966,,4.966
2021-12-23T22:09:00.727+05:00,LOADTIME,wellsfargo.com,12.891,,12.891
2021-12-23T22:09:07.783+05:00,LOADTIME,wix.com,2.974,,2.974
2021-12-23T22:10:11.828+05:00,TIMEOUT,speedtest.net,60.018,ERR_TIMEOUT,ERR_TIMEOUT
2021-12-23T22:11:16.000+05:00,TIMEOUT,calendly.com,60.039,ERR_TIMEOUT,ERR_TIMEOUT
2021-12-23T22:11:32.520+05:00,LOADTIME,healthline.com,12.502,,12.502
2021-12-23T22:11:40.665+05:00,LOADTIME,unsplash.com,4.101,,4.101
2021-12-23T22:11:52.566+05:00,LOADTIME,americanexpress.com,7.882,,7.882
2021-12-23T22:12:06.261+05:00,LOADTIME,ups.com,9.572,,9.572
2021-12-23T22:12:14.234+05:00,LOADTIME,amazon.de,3.924,,3.924
2021-12-23T22:12:24.812+05:00,LOADTIME,tistory.com,6.547,,6.547
2021-12-23T22:12:50.580+05:00,LOADTIME,digikala.com,21.745,,21.745
2021-12-23T22:12:56.379+05:00,LOADTIME,google.com.tw,1.766,,1.766
2021-12-23T22:13:13.421+05:00,LOADTIME,zhihu.com,13.023,,13.023
2021-12-23T22:13:20.022+05:00,LOADTIME,t.me,2.581,,2.581
2021-12-23T22:13:41.332+05:00,LOADTIME,grid.id,17.275,,17.275
2021-12-23T22:13:59.424+05:00,LOADTIME,ltn.com.tw,13.899,,13.899
2021-12-23T22:14:07.993+05:00,LOADTIME,disneyplus.com,4.503,,4.503
2021-12-23T22:14:15.081+05:00,LOADTIME,amazon.ca,3.057,,3.057
2021-12-23T22:14:26.072+05:00,LOADTIME,fedex.com,6.961,,6.961
2021-12-23T22:14:37.190+05:00,LOADTIME,bbc.co.uk,7.081,,7.081
2021-12-23T22:14:46.910+05:00,LOADTIME,momoshop.com.tw,5.662,,5.662
2021-12-23T22:14:56.395+05:00,TIMEOUT,51.la,5.422,ERR_SSL_PROTOCOL_ERROR,ERR_SSL_PROTOCOL_ERROR
2021-12-23T22:15:16.391+05:00,LOADTIME,cnzz.com,15.955,,15.955
2021-12-23T22:15:26.280+05:00,LOADTIME,ebay.de,5.865,,5.865
2021-12-23T22:15:33.570+05:00,LOADTIME,w3schools.com,3.028,,3.028
2021-12-23T22:15:39.188+05:00,LOADTIME,google.co.uk,1.602,,1.602
2021-12-23T22:15:52.007+05:00,LOADTIME,craigslist.org,8.795,,8.795
2021-12-23T22:15:58.846+05:00,LOADTIME,mediafire.com,2.82,,2.82
2021-12-23T22:16:50.522+05:00,LOADTIME,envato.com,47.625,,47.625
2021-12-23T22:16:56.448+05:00,LOADTIME,padlet.com,1.597,,1.597
2021-12-23T22:17:18.673+05:00,LOADTIME,forbes.com,18.203,,18.203
2021-12-23T22:17:32.775+05:00,LOADTIME,avito.ru,9.988,,9.988
2021-12-23T22:17:39.255+05:00,LOADTIME,suara.com,2.432,,2.432
2021-12-23T22:18:18.165+05:00,LOADTIME,investing.com,34.805,,34.805
2021-12-23T22:18:23.628+05:00,LOADTIME,bestbuy.com,1.426,,1.426
2021-12-23T22:18:40.032+05:00,LOADTIME,researchgate.net,12.378,,12.378
2021-12-23T22:18:59.084+05:00,LOADTIME,uol.com.br,15.033,,15.033
2021-12-23T22:19:04.101+05:00,LOADTIME,homedepot.com,0.85,,0.85
2021-12-23T22:19:10.333+05:00,LOADTIME,google.com.mx,2.195,,2.195
2021-12-23T22:19:20.884+05:00,LOADTIME,onlinesbi.com,6.529,,6.529
2021-12-23T22:19:27.812+05:00,LOADTIME,usps.com,2.907,,2.907
2021-12-23T22:19:36.330+05:00,LOADTIME,skype.com,4.46,,4.46
2021-12-23T22:19:46.487+05:00,LOADTIME,airbnb.com,6.133,,6.133
2021-12-23T22:19:54.581+05:00,LOADTIME,trendyol.com,4.024,,4.024
2021-12-23T22:20:58.652+05:00,TIMEOUT,telewebion.com,60.018,ERR_TIMEOUT,ERR_TIMEOUT
2021-12-23T22:21:05.417+05:00,LOADTIME,mozilla.org,2.749,,2.749
2021-12-23T22:21:14.494+05:00,LOADTIME,archive.org,5.057,,5.057
2021-12-23T22:21:19.819+05:00,LOADTIME,cowin.gov.in,1.301,,1.301
2021-12-23T22:21:34.504+05:00,LOADTIME,cnet.com,10.666,,10.666
2021-12-23T22:21:40.533+05:00,LOADTIME,google.ca,1.882,,1.882
2021-12-23T22:21:45.388+05:00,LOADTIME,hdfcbank.com,0.84,,0.84
2021-12-23T22:21:51.008+05:00,LOADTIME,google.com.tr,1.578,,1.578
2021-12-23T22:22:04.671+05:00,LOADTIME,capitalone.com,9.645,,9.645
2021-12-23T22:22:11.259+05:00,TIMEOUT,sogou.com,2.516,ERR_SSL_PROTOCOL_ERROR,ERR_SSL_PROTOCOL_ERROR
2021-12-23T22:22:24.937+05:00,LOADTIME,kakao.com,9.637,,9.637
2021-12-23T22:22:38.656+05:00,LOADTIME,box.com,9.696,,9.696
2021-12-23T22:22:48.755+05:00,LOADTIME,yelp.com,6.072,,6.072
2021-12-23T22:22:55.548+05:00,LOADTIME,slideshare.net,2.756,,2.756
2021-12-23T22:23:05.798+05:00,LOADTIME,fidelity.com,6.227,,6.227
2021-12-23T22:23:42.058+05:00,LOADTIME,youm7.com,32.15,,32.15
2021-12-23T22:23:52.540+05:00,LOADTIME,cnbc.com,6.35,,6.35
2021-12-23T22:24:00.260+05:00,LOADTIME,remove.bg,3.641,,3.641
2021-12-23T22:24:05.208+05:00,TIMEOUT,hulu.com,0.924,ERR_SSL_PROTOCOL_ERROR,ERR_SSL_PROTOCOL_ERROR
2021-12-23T22:24:11.303+05:00,LOADTIME,behance.net,2.056,,2.056
2021-12-23T22:24:21.117+05:00,LOADTIME,lazada.sg,4.577,,4.577
2021-12-23T22:24:33.966+05:00,LOADTIME,ca.gov,8.809,,8.809
2021-12-23T22:24:42.444+05:00,LOADTIME,theguardian.com,4.446,,4.446
2021-12-23T22:24:49.125+05:00,LOADTIME,stackexchange.com,2.659,,2.659
2021-12-23T22:24:56.900+05:00,LOADTIME,soso.com,3.753,,3.753
2021-12-23T22:25:04.392+05:00,LOADTIME,realtor.com,3.469,,3.469
2021-12-23T22:25:18.746+05:00,LOADTIME,manoramaonline.com,10.245,,10.245
2021-12-23T22:25:24.801+05:00,LOADTIME,chess.com,1.972,,1.972
2021-12-23T22:25:37.821+05:00,LOADTIME,washingtonpost.com,8.998,,8.998
2021-12-23T22:25:48.641+05:00,LOADTIME,crunchbase.com,6.741,,6.741
2021-12-23T22:25:57.931+05:00,LOADTIME,metropoles.com,5.247,,5.247
2021-12-23T22:26:06.588+05:00,LOADTIME,fiverr.com,4.614,,4.614
2021-12-23T22:26:30.505+05:00,LOADTIME,bluehost.com,19.498,,19.498
2021-12-23T22:26:44.056+05:00,LOADTIME,bet9ja.com,9.516,,9.516
2021-12-23T22:26:49.868+05:00,LOADTIME,duckduckgo.com,1.794,,1.794
2021-12-23T22:27:03.550+05:00,LOADTIME,manage.wix.com,9.663,,9.663
2021-12-23T22:27:10.408+05:00,LOADTIME,payoneer.com,2.784,,2.784
2021-12-23T22:27:18.542+05:00,LOADTIME,allegro.pl,3.108,,3.108
2021-12-23T22:27:35.495+05:00,LOADTIME,360.com,12.922,,12.922
2021-12-23T22:27:47.811+05:00,LOADTIME,flipkart.com,8.294,,8.294
2021-12-23T22:27:59.006+05:00,LOADTIME,coursera.org,7.153,,7.153
2021-12-23T22:28:08.307+05:00,LOADTIME,gosuslugi.ru,5.261,,5.261
2021-12-23T22:28:20.333+05:00,LOADTIME,liputan6.com,8.002,,8.002
2021-12-23T22:28:49.499+05:00,LOADTIME,tudou.com,24.996,,24.996
2021-12-23T22:28:56.200+05:00,LOADTIME,proiezionidiborsa.it,2.676,,2.676
2021-12-23T22:29:10.819+05:00,LOADTIME,atlassian.com,10.592,,10.592
2021-12-23T22:29:19.911+05:00,LOADTIME,moneycontrol.com,5.06,,5.06
2021-12-23T22:29:28.700+05:00,LOADTIME,chouftv.ma,4.746,,4.746
2021-12-23T22:29:36.202+05:00,LOADTIME,istockphoto.com,3.458,,3.458
2021-12-23T22:29:44.792+05:00,LOADTIME,ikea.com,4.547,,4.547
2021-12-23T22:29:55.061+05:00,LOADTIME,target.com,6.241,,6.241
2021-12-23T22:30:11.464+05:00,LOADTIME,weather.com,12.349,,12.349
2021-12-23T22:30:19.414+05:00,LOADTIME,amazon.it,3.179,,3.179
2021-12-23T22:30:58.738+05:00,TIMEOUT,bet365.com,35.288,ERR_CONNECTION_REFUSED,ERR_CONNECTION_REFUSED
2021-12-23T22:31:22.724+05:00,LOADTIME,taboola.com,4.245,,4.245
2021-12-23T22:31:32.911+05:00,LOADTIME,setn.com,6.155,,6.155
2021-12-23T22:31:40.710+05:00,LOADTIME,blogger.com,3.661,,3.661
2021-12-23T22:31:48.678+05:00,LOADTIME,hotstar.com,3.946,,3.946
2021-12-23T22:31:54.727+05:00,LOADTIME,basecamp.com,2.033,,2.033
2021-12-23T22:32:04.612+05:00,LOADTIME,mercadolibre.com.mx,5.848,,5.848
2021-12-23T22:32:11.678+05:00,LOADTIME,reverso.net,2.976,,2.976
2021-12-23T22:32:19.416+05:00,LOADTIME,tripadvisor.com,3.691,,3.691
2021-12-23T22:32:26.804+05:00,LOADTIME,investopedia.com,3.344,,3.344
2021-12-23T22:32:43.473+05:00,LOADTIME,documentforce.com,12.642,,12.642
2021-12-23T22:32:59.222+05:00,LOADTIME,coupang.com,11.708,,11.708
2021-12-23T22:33:11.937+05:00,LOADTIME,wildberries.ru,8.69,,8.69
2021-12-23T22:33:51.038+05:00,LOADTIME,in.gr,35.081,,35.081
2021-12-23T22:34:02.118+05:00,LOADTIME,sindonews.com,7.056,,7.056
2021-12-23T22:34:24.858+05:00,LOADTIME,merdeka.com,18.626,,18.626
2021-12-23T22:34:31.071+05:00,LOADTIME,google.co.th,2.067,,2.067
2021-12-23T22:34:36.714+05:00,LOADTIME,wikihow.com,1.62,,1.62
2021-12-23T22:34:41.857+05:00,LOADTIME,hp.com,1.124,,1.124
2021-12-23T22:34:54.694+05:00,LOADTIME,icicibank.com,8.815,,8.815
2021-12-23T22:35:11.427+05:00,LOADTIME,foxnews.com,12.572,,12.572
2021-12-23T22:35:20.991+05:00,LOADTIME,amazon.fr,5.391,,5.391
2021-12-23T22:35:29.225+05:00,LOADTIME,bankofamerica.com,4.188,,4.188
2021-12-23T22:35:54.103+05:00,LOADTIME,cnnic.cn,20.856,,20.856
2021-12-23T22:35:59.896+05:00,LOADTIME,google.com.eg,1.754,,1.754
2021-12-23T22:36:09.355+05:00,LOADTIME,irs.gov,5.435,,5.435
2021-12-23T22:36:17.984+05:00,TIMEOUT,sonhoo.com,4.586,ERR_SSL_PROTOCOL_ERROR,ERR_SSL_PROTOCOL_ERROR
2021-12-23T22:36:28.590+05:00,LOADTIME,glassdoor.com,6.556,,6.556
2021-12-23T22:36:35.770+05:00,LOADTIME,secureserver.net,3.102,,3.102
2021-12-23T22:36:46.641+05:00,LOADTIME,redd.it,6.849,,6.849
2021-12-23T22:36:54.085+05:00,LOADTIME,geeksforgeeks.org,3.415,,3.415
2021-12-23T22:37:04.578+05:00,LOADTIME,mercari.com,6.473,,6.473
2021-12-23T22:37:17.503+05:00,LOADTIME,thesaurus.com,8.868,,8.868
2021-12-23T22:37:25.145+05:00,LOADTIME,gismeteo.ru,3.528,,3.528
2021-12-23T22:37:33.189+05:00,LOADTIME,y2mate.com,4.02,,4.02
2021-12-23T22:37:39.162+05:00,LOADTIME,google.com.sa,1.949,,1.949
2021-12-23T22:37:44.267+05:00,TIMEOUT,etoro.com,1.087,ERR_SSL_PROTOCOL_ERROR,ERR_SSL_PROTOCOL_ERROR
2021-12-23T22:37:56.077+05:00,LOADTIME,samsung.com,7.77,,7.77
2021-12-23T22:38:03.875+05:00,LOADTIME,amazon.com.mx,3.769,,3.769
2021-12-23T22:38:13.444+05:00,LOADTIME,sberbank.ru,5.537,,5.537
2021-12-23T22:38:21.613+05:00,LOADTIME,trello.com,4.129,,4.129
2021-12-23T22:38:27.658+05:00,LOADTIME,google.com.ar,2.009,,2.009
2021-12-23T22:38:37.318+05:00,LOADTIME,namu.wiki,5.635,,5.635
2021-12-23T22:39:00.345+05:00,LOADTIME,iyiou.com,18.976,,18.976
2021-12-23T22:39:10.752+05:00,LOADTIME,sahibinden.com,6.384,,6.384
2021-12-23T22:39:19.417+05:00,LOADTIME,wayfair.com,4.618,,4.618
2021-12-23T22:39:27.331+05:00,LOADTIME,binance.com,3.867,,3.867
2021-12-23T22:39:40.726+05:00,LOADTIME,globo.com,9.362,,9.362
2021-12-23T22:39:51.658+05:00,LOADTIME,crowdworks.jp,6.874,,6.874
2021-12-23T22:40:01.453+05:00,LOADTIME,flaticon.com,5.735,,5.735
2021-12-23T22:40:37.656+05:00,LOADTIME,wsj.com,32.169,,32.169
2021-12-23T22:40:52.941+05:00,LOADTIME,adp.com,11.18,,11.18
2021-12-23T22:41:07.006+05:00,LOADTIME,gmw.cn,8.941,,8.941
2021-12-23T22:41:24.438+05:00,LOADTIME,marketwatch.com,13.401,,13.401
2021-12-23T22:41:39.065+05:00,LOADTIME,docusign.net,10.483,,10.483
2021-12-23T22:41:52.931+05:00,LOADTIME,zendesk.com,9.849,,9.849
2021-12-23T22:42:00.259+05:00,LOADTIME,bukalapak.com,3.281,,3.281
2021-12-23T22:42:11.820+05:00,LOADTIME,dailymotion.com,7.509,,7.509
2021-12-23T22:42:18.239+05:00,LOADTIME,coinmarketcap.com,2.384,,2.384
2021-12-23T22:42:30.969+05:00,LOADTIME,aol.com,8.706,,8.706
2021-12-23T22:42:42.559+05:00,LOADTIME,scribd.com,7.41,,7.41
2021-12-23T22:43:11.301+05:00,LOADTIME,zol.com.cn,24.723,,24.723
2021-12-23T22:43:39.991+05:00,LOADTIME,dailymail.co.uk,24.656,,24.656
2021-12-23T22:43:47.408+05:00,LOADTIME,namnak.com,3.215,,3.215
2021-12-23T22:43:56.712+05:00,LOADTIME,hootsuite.com,5.289,,5.289
2021-12-23T22:44:05.721+05:00,LOADTIME,ebay.co.uk,4.885,,4.885
2021-12-23T22:44:13.716+05:00,LOADTIME,themeforest.net,3.95,,3.95
2021-12-23T22:44:27.960+05:00,LOADTIME,aliexpress.ru,10.217,,10.217
2021-12-23T22:44:34.365+05:00,LOADTIME,discord.com,2.35,,2.35
2021-12-23T22:44:40.764+05:00,LOADTIME,shopee.tw,2.379,,2.379
2021-12-23T22:45:02.886+05:00,LOADTIME,ndtv.com,10.782,,10.782
2021-12-23T22:45:12.011+05:00,LOADTIME,goodreads.com,4.877,,4.877
2021-12-23T22:45:20.638+05:00,LOADTIME,ladbible.com,4.603,,4.603
2021-12-23T22:45:32.051+05:00,LOADTIME,donya-e-eqtesad.com,7.285,,7.285
2021-12-23T22:45:42.294+05:00,LOADTIME,flickr.com,6.221,,6.221
2021-12-23T22:45:46.932+05:00,LOADTIME,t.co,0.614,,0.614
2021-12-23T22:45:59.031+05:00,LOADTIME,schwab.com,8.082,,8.082
2021-12-23T22:46:05.717+05:00,LOADTIME,sciencedirect.com,2.538,,2.538
2021-12-23T22:46:18.735+05:00,LOADTIME,mailchimp.com,8.984,,8.984
2021-12-23T22:46:25.737+05:00,LOADTIME,wordpress.org,2.959,,2.959
2021-12-23T22:46:35.015+05:00,LOADTIME,indiamart.com,4.914,,4.914
2021-12-23T22:46:46.708+05:00,LOADTIME,greenhouse.io,7.637,,7.637
2021-12-23T22:46:56.632+05:00,LOADTIME,squarespace.com,5.885,,5.885
2021-12-23T22:47:11.418+05:00,LOADTIME,orange.fr,10.613,,10.613
2021-12-23T22:47:24.824+05:00,LOADTIME,xfinity.com,9.368,,9.368
2021-12-23T22:47:36.182+05:00,LOADTIME,naukri.com,7.278,,7.278
2021-12-23T22:47:42.178+05:00,LOADTIME,ozon.ru,1.976,,1.976
2021-12-23T22:47:47.803+05:00,LOADTIME,google.co.kr,1.604,,1.604
2021-12-23T22:47:54.185+05:00,LOADTIME,iqbroker.com,2.364,,2.364
2021-12-23T22:48:02.570+05:00,LOADTIME,ask.com,4.367,,4.367
2021-12-23T22:48:11.136+05:00,LOADTIME,blackboard.com,4.339,,4.339
2021-12-23T22:48:22.756+05:00,LOADTIME,etrade.com,7.598,,7.598
2021-12-23T22:48:33.752+05:00,LOADTIME,gmx.net,6.959,,6.959
2021-12-23T22:48:40.457+05:00,LOADTIME,note.com,2.684,,2.684
2021-12-23T22:48:48.391+05:00,LOADTIME,mercadolivre.com.br,3.658,,3.658
2021-12-23T22:49:02.329+05:00,LOADTIME,11st.co.kr,9.907,,9.907
2021-12-23T22:49:12.794+05:00,LOADTIME,google.co.id,6.439,,6.439
2021-12-23T22:49:22.265+05:00,LOADTIME,web.de,5.455,,5.455
2021-12-23T22:49:31.067+05:00,LOADTIME,dbs.com.sg,4.78,,4.78
2021-12-23T22:49:43.370+05:00,LOADTIME,techcrunch.com,8.285,,8.285
2021-12-23T22:49:54.041+05:00,LOADTIME,pipedrive.com,6.562,,6.562
2021-12-23T22:50:58.144+05:00,TIMEOUT,quizlet.com,60.058,ERR_TIMEOUT,ERR_TIMEOUT
2021-12-23T22:51:25.571+05:00,LOADTIME,jianshu.com,23.394,,23.394
2021-12-23T22:51:30.468+05:00,LOADTIME,ai.marketing,0.869,,0.869
2021-12-23T22:51:36.571+05:00,LOADTIME,shareasale.com,2.081,,2.081
2021-12-23T22:51:58.097+05:00,LOADTIME,ibicn.com,17.501,,17.501
2021-12-23T22:52:05.514+05:00,LOADTIME,trustpilot.com,3.394,,3.394
2021-12-23T22:52:21.166+05:00,LOADTIME,citi.com,11.623,,11.623
2021-12-23T22:52:28.871+05:00,LOADTIME,codepen.io,3.59,,3.59
2021-12-23T22:52:34.325+05:00,LOADTIME,wikimedia.org,1.435,,1.435
2021-12-23T22:52:44.438+05:00,LOADTIME,dell.com,6.092,,6.092
2021-12-23T22:52:57.635+05:00,LOADTIME,chegg.com,9.128,,9.128
2021-12-23T22:53:06.283+05:00,LOADTIME,surveymonkey.com,4.589,,4.589
2021-12-23T22:53:14.243+05:00,LOADTIME,macys.com,3.893,,3.893
2021-12-23T22:53:29.357+05:00,LOADTIME,vnexpress.net,9.149,,9.149
2021-12-23T22:53:37.704+05:00,LOADTIME,academia.edu,4.235,,4.235
2021-12-23T22:53:43.538+05:00,LOADTIME,wise.com,1.808,,1.808
2021-12-23T22:53:51.500+05:00,LOADTIME,alodokter.com,3.913,,3.913
2021-12-23T22:53:57.025+05:00,LOADTIME,googlevideo.com,1.467,,1.467
2021-12-23T22:54:07.685+05:00,LOADTIME,rakuten.com,6.641,,6.641
2021-12-23T22:54:13.802+05:00,LOADTIME,patch.com,2.067,,2.067
2021-12-23T22:54:19.712+05:00,LOADTIME,google.pl,1.888,,1.888
2021-12-23T22:54:27.497+05:00,LOADTIME,ameblo.jp,3.768,,3.768
2021-12-23T22:54:35.841+05:00,LOADTIME,weebly.com,4.326,,4.326
2021-12-23T22:54:47.493+05:00,LOADTIME,rambler.ru,7.603,,7.603
2021-12-23T22:54:53.889+05:00,LOADTIME,feedly.com,2.25,,2.25
2021-12-23T22:55:01.154+05:00,LOADTIME,videocampaign.co,0.992,,0.992
2021-12-23T22:56:05.185+05:00,TIMEOUT,gusuwang.com,60.015,ERR_TIMEOUT,ERR_TIMEOUT
2021-12-23T22:56:13.636+05:00,LOADTIME,shopee.com.my,4.427,,4.427
2021-12-23T22:56:25.548+05:00,LOADTIME,td.com,7.872,,7.872
2021-12-23T22:56:30.620+05:00,LOADTIME,360doc.com,1.042,,1.042
2021-12-23T22:56:42.749+05:00,LOADTIME,nike.com,8.107,,8.107
2021-12-23T22:56:47.753+05:00,TIMEOUT,mlb.com,0.929,ERR_SSL_PROTOCOL_ERROR,ERR_SSL_PROTOCOL_ERROR
2021-12-23T22:56:59.838+05:00,LOADTIME,idntimes.com,8.047,,8.047
2021-12-23T22:57:13.977+05:00,LOADTIME,expedia.com,10.001,,10.001
2021-12-23T22:57:21.516+05:00,LOADTIME,ouedkniss.com,3.414,,3.414
2021-12-23T22:57:31.384+05:00,LOADTIME,seekingalpha.com,5.84,,5.84
2021-12-23T22:57:41.559+05:00,LOADTIME,worldometers.info,6.069,,6.069
2021-12-23T22:58:43.506+05:00,LOADTIME,namasha.com,57.872,,57.872
2021-12-23T22:58:56.065+05:00,LOADTIME,patria.org.ve,8.533,,8.533
2021-12-23T22:59:06.594+05:00,LOADTIME,patreon.com,6.503,,6.503
2021-12-23T22:59:22.357+05:00,LOADTIME,constantcontact.com,11.735,,11.735
2021-12-23T22:59:35.199+05:00,LOADTIME,qualtrics.com,8.779,,8.779
2021-12-23T22:59:46.593+05:00,LOADTIME,reuters.com,7.293,,7.293
2021-12-23T22:59:55.360+05:00,LOADTIME,fc2.com,4.682,,4.682
2021-12-23T23:00:03.223+05:00,LOADTIME,lowes.com,3.84,,3.84
2021-12-23T23:00:08.952+05:00,LOADTIME,heavy.com,1.673,,1.673
2021-12-23T23:00:15.700+05:00,LOADTIME,costco.com,2.725,,2.725
2021-12-23T23:00:24.520+05:00,LOADTIME,rt.com,4.8,,4.8
2021-12-23T23:00:30.873+05:00,LOADTIME,ebay-kleinanzeigen.de,2.079,,2.079
2021-12-23T23:00:41.632+05:00,LOADTIME,att.com,6.741,,6.741
2021-12-23T23:01:23.268+05:00,LOADTIME,smartsheet.com,37.378,,37.378
2021-12-23T23:01:33.375+05:00,LOADTIME,redfin.com,6.046,,6.046
2021-12-23T23:01:51.876+05:00,LOADTIME,wowhead.com,14.478,,14.478
2021-12-23T23:02:10.945+05:00,LOADTIME,aa.com,14.908,,14.908
2021-12-23T23:02:21.845+05:00,LOADTIME,canada.ca,6.845,,6.845
2021-12-23T23:02:37.428+05:00,LOADTIME,shein.com,11.558,,11.558
2021-12-23T23:02:44.908+05:00,LOADTIME,turkiye.gov.tr,3.415,,3.415
2021-12-23T23:02:54.548+05:00,LOADTIME,zoho.com,5.616,,5.616
2021-12-23T23:03:19.029+05:00,LOADTIME,focus.cn,20.433,,20.433
2021-12-23T23:03:27.906+05:00,LOADTIME,eventbrite.com,4.798,,4.798
2021-12-23T23:03:35.299+05:00,LOADTIME,thepiratebay.org,3.377,,3.377
2021-12-23T23:03:50.539+05:00,LOADTIME,nicovideo.jp,11.215,,11.215
2021-12-23T23:04:00.389+05:00,LOADTIME,marca.com,5.765,,5.765
2021-12-23T23:04:08.608+05:00,LOADTIME,elmogaz.com,4.167,,4.167
2021-12-23T23:04:19.772+05:00,LOADTIME,qoo10.sg,7.122,,7.122
2021-12-23T23:04:25.119+05:00,LOADTIME,shopee.co.id,1.313,,1.313
2021-12-23T23:04:44.207+05:00,LOADTIME,kapanlagi.com,14.907,,14.907
2021-12-23T23:04:53.935+05:00,LOADTIME,hostgator.com,5.609,,5.609
2021-12-23T23:05:02.723+05:00,LOADTIME,jawapos.com,4.755,,4.755
2021-12-23T23:05:12.132+05:00,LOADTIME,evernote.com,5.296,,5.296
2021-12-23T23:05:19.930+05:00,LOADTIME,op.gg,3.776,,3.776
2021-12-23T23:05:29.769+05:00,LOADTIME,onet.pl,5.809,,5.809
2021-12-23T23:06:33.863+05:00,TIMEOUT,breitbart.com,60.057,ERR_TIMEOUT,ERR_TIMEOUT
2021-12-23T23:06:38.617+05:00,LOADTIME,agacelebir.com,0.594,,0.594
2021-12-23T23:06:47.871+05:00,LOADTIME,cnnindonesia.com,5.239,,5.239
2021-12-23T23:06:58.021+05:00,LOADTIME,oracle.com,6.081,,6.081
2021-12-23T23:07:10.034+05:00,LOADTIME,udn.com,7.987,,7.987
2021-12-23T23:07:20.211+05:00,LOADTIME,clickbank.com,6.071,,6.071
2021-12-23T23:07:27.635+05:00,LOADTIME,wartaekonomi.co.id,3.391,,3.391
2021-12-23T23:07:34.132+05:00,LOADTIME,thestartmagazine.com,2.448,,2.448
2021-12-23T23:07:44.642+05:00,LOADTIME,woocommerce.com,6.476,,6.476
2021-12-23T23:07:52.734+05:00,LOADTIME,dcard.tw,4.071,,4.071
2021-12-23T23:07:58.500+05:00,LOADTIME,google.com.vn,1.721,,1.721
2021-12-23T23:08:17.374+05:00,LOADTIME,bola.com,14.842,,14.842
2021-12-23T23:08:23.520+05:00,LOADTIME,google.com.au,1.76,,1.76
2021-12-23T23:08:37.633+05:00,LOADTIME,usatoday.com,10.088,,10.088
2021-12-23T23:08:43.358+05:00,LOADTIME,list-manage.com,1.568,,1.568
2021-12-23T23:08:56.355+05:00,LOADTIME,webmd.com,8.973,,8.973
2021-12-23T23:09:13.709+05:00,LOADTIME,ebc.net.tw,13.195,,13.195
2021-12-23T23:10:17.806+05:00,TIMEOUT,ea.com,60.014,ERR_TIMEOUT,ERR_TIMEOUT
2021-12-23T23:10:26.327+05:00,LOADTIME,teachable.com,4.487,,4.487
2021-12-23T23:10:41.052+05:00,LOADTIME,outbrain.com,10.681,,10.681
2021-12-23T23:11:00.375+05:00,LOADTIME,ih5.cn,15.289,,15.289
2021-12-23T23:11:10.949+05:00,LOADTIME,elwatannews.com,6.55,,6.55
2021-12-23T23:11:37.358+05:00,LOADTIME,huaban.com,22.33,,22.33
2021-12-23T23:11:44.685+05:00,LOADTIME,businessinsider.com,3.305,,3.305
2021-12-23T23:11:50.500+05:00,LOADTIME,bhphotovideo.com,1.747,,1.747
2021-12-23T23:11:59.421+05:00,LOADTIME,laodong.vn,4.87,,4.87
2021-12-23T23:12:07.763+05:00,LOADTIME,ikco.ir,4.322,,4.322
2021-12-23T23:13:00.552+05:00,LOADTIME,nypost.com,18.274,,18.274
2021-12-23T23:13:08.196+05:00,LOADTIME,ensonhaber.com,3.47,,3.47
2021-12-23T23:13:26.250+05:00,LOADTIME,verizon.com,14.007,,14.007
2021-12-23T23:13:39.430+05:00,LOADTIME,hbomax.com,8.874,,8.874
2021-12-23T23:13:47.963+05:00,LOADTIME,dhl.com,4.508,,4.508
2021-12-23T23:13:56.099+05:00,LOADTIME,softonic.com,4.112,,4.112
2021-12-23T23:14:03.504+05:00,LOADTIME,iherb.com,3.318,,3.318
2021-12-23T23:14:17.916+05:00,LOADTIME,rezka.ag,10.322,,10.322
2021-12-23T23:14:25.294+05:00,LOADTIME,filimo.com,3.354,,3.354
2021-12-23T23:14:35.161+05:00,LOADTIME,ninisite.com,5.848,,5.848
2021-12-23T23:14:42.117+05:00,LOADTIME,buffer.com,2.935,,2.935
2021-12-23T23:15:06.773+05:00,LOADTIME,cafe24.com,20.634,,20.634
2021-12-23T23:15:15.606+05:00,LOADTIME,upwork.com,4.801,,4.801
2021-12-23T23:15:27.977+05:00,LOADTIME,impress.co.jp,8.316,,8.316
2021-12-23T23:15:56.346+05:00,LOADTIME,divar.ir,24.347,,24.347
2021-12-23T23:16:08.375+05:00,LOADTIME,state.gov,8.003,,8.003
2021-12-23T23:16:21.200+05:00,LOADTIME,nba.com,8.77,,8.77
2021-12-23T23:16:44.094+05:00,LOADTIME,livejournal.com,18.756,,18.756
2021-12-23T23:16:54.151+05:00,LOADTIME,line.me,5.996,,5.996
2021-12-23T23:17:02.894+05:00,LOADTIME,shopee.vn,4.713,,4.713
2021-12-23T23:18:06.980+05:00,TIMEOUT,abs-cbn.com,60.013,ERR_TIMEOUT,ERR_TIMEOUT
2021-12-23T23:18:15.178+05:00,LOADTIME,quora.com,4.138,,4.138
2021-12-23T23:18:28.894+05:00,LOADTIME,oschina.net,9.69,,9.69
2021-12-23T23:18:39.479+05:00,LOADTIME,hurriyet.com.tr,6.555,,6.555
2021-12-23T23:18:47.608+05:00,LOADTIME,ecer.com,4.037,,4.037
2021-12-23T23:18:55.474+05:00,LOADTIME,xero.com,3.667,,3.667
2021-12-23T23:19:06.191+05:00,LOADTIME,wish.com,6.688,,6.688
2021-12-23T23:19:11.775+05:00,LOADTIME,eatthis.com,1.514,,1.514
2021-12-23T23:19:41.959+05:00,LOADTIME,pcbaby.com.cn,26.157,,26.157
2021-12-23T23:19:48.342+05:00,LOADTIME,protonmail.com,2.357,,2.357
2021-12-23T23:19:54.158+05:00,LOADTIME,google.ro,1.795,,1.795
2021-12-23T23:20:06.275+05:00,LOADTIME,bloomberg.com,8.095,,8.095
2021-12-23T23:20:14.094+05:00,LOADTIME,genius.com,3.695,,3.695
2021-12-23T23:20:26.209+05:00,LOADTIME,ticketmaster.com,7.789,,7.789
2021-12-23T23:20:31.859+05:00,LOADTIME,taleo.net,1.483,,1.483
2021-12-23T23:20:49.479+05:00,LOADTIME,asos.com,6.926,,6.926
2021-12-23T23:20:55.278+05:00,LOADTIME,google.az,1.755,,1.755
2021-12-23T23:21:09.053+05:00,LOADTIME,kontan.co.id,9.759,,9.759
2021-12-23T23:21:24.644+05:00,LOADTIME,crunchyroll.com,11.378,,11.378
2021-12-23T23:21:34.639+05:00,LOADTIME,issuu.com,5.904,,5.904
2021-12-23T23:21:51.463+05:00,LOADTIME,marriott.com,12.794,,12.794
2021-12-23T23:22:02.049+05:00,LOADTIME,regecish.net,5.988,,5.988
2021-12-23T23:22:12.237+05:00,LOADTIME,accuweather.com,6.153,,6.153
2021-12-23T23:22:18.960+05:00,LOADTIME,vrbo.com,2.633,,2.633
2021-12-23T23:22:32.516+05:00,LOADTIME,tdameritrade.com,9.516,,9.516
2021-12-23T23:22:40.460+05:00,LOADTIME,payu.in,3.865,,3.865
2021-12-23T23:22:46.226+05:00,LOADTIME,pixabay.com,1.734,,1.734
2021-12-23T23:22:57.123+05:00,LOADTIME,douban.com,6.876,,6.876
2021-12-23T23:23:03.067+05:00,LOADTIME,convertio.co,1.912,,1.912
2021-12-23T23:23:15.669+05:00,LOADTIME,gsmarena.com,8.586,,8.586
2021-12-23T23:23:21.875+05:00,LOADTIME,activehosted.com,1.753,,1.753
2021-12-23T23:23:34.970+05:00,LOADTIME,mathrubhumi.com,9.081,,9.081
2021-12-23T23:23:43.379+05:00,LOADTIME,mynavi.jp,4.352,,4.352
2021-12-23T23:23:49.178+05:00,TIMEOUT,deviantart.com,1.782,ERR_SSL_PROTOCOL_ERROR,ERR_SSL_PROTOCOL_ERROR
2021-12-23T23:23:57.933+05:00,LOADTIME,prothomalo.com,4.717,,4.717
2021-12-23T23:24:13.636+05:00,LOADTIME,iqiyi.com,11.644,,11.644
2021-12-23T23:24:25.959+05:00,LOADTIME,inquirer.net,8.289,,8.289
2021-12-23T23:24:35.688+05:00,LOADTIME,hubspot.com,5.548,,5.548
2021-12-23T23:24:41.173+05:00,LOADTIME,nordstrom.com,1.453,,1.453
2021-12-23T23:24:49.467+05:00,LOADTIME,messenger.com,4.276,,4.276
2021-12-23T23:24:54.403+05:00,LOADTIME,www.gov.uk,0.898,,0.898
2021-12-23T23:25:07.644+05:00,LOADTIME,bigcommerce.com,9.219,,9.219
2021-12-23T23:25:13.789+05:00,LOADTIME,tutorialspoint.com,2.068,,2.068
2021-12-23T23:25:23.761+05:00,LOADTIME,slickdeals.net,5.953,,5.953
2021-12-23T23:25:31.360+05:00,LOADTIME,wpengine.com,3.147,,3.147
2021-12-23T23:25:40.812+05:00,LOADTIME,as.com,5.427,,5.427
2021-12-23T23:25:52.270+05:00,LOADTIME,pinimg.com,7.425,,7.425
2021-12-23T23:25:58.845+05:00,LOADTIME,1337x.to,2.55,,2.55
2021-12-23T23:26:09.379+05:00,LOADTIME,cnbcindonesia.com,6.513,,6.513
2021-12-23T23:26:19.084+05:00,LOADTIME,newegg.com,5.639,,5.639
2021-12-23T23:26:33.650+05:00,LOADTIME,goo.ne.jp,10.495,,10.495
2021-12-23T23:26:49.036+05:00,LOADTIME,merriam-webster.com,11.289,,11.289
2021-12-23T23:26:56.027+05:00,LOADTIME,prtimes.jp,2.82,,2.82
2021-12-23T23:27:07.783+05:00,LOADTIME,aajtak.in,7.734,,7.734
2021-12-23T23:27:16.271+05:00,LOADTIME,ecosia.org,4.246,,4.246
2021-12-23T23:27:28.678+05:00,LOADTIME,leboncoin.fr,7.882,,7.882
2021-12-23T23:27:35.324+05:00,LOADTIME,mileroticos.com,2.616,,2.616
2021-12-23T23:27:46.067+05:00,LOADTIME,buzzfeed.com,6.73,,6.73
2021-12-23T23:27:56.113+05:00,LOADTIME,npr.org,5.942,,5.942
2021-12-23T23:28:02.015+05:00,LOADTIME,google.gr,1.829,,1.829
2021-12-23T23:28:13.087+05:00,LOADTIME,elpais.com,7.056,,7.056
2021-12-23T23:28:18.878+05:00,LOADTIME,google.co.ve,1.746,,1.746
2021-12-23T23:28:28.100+05:00,LOADTIME,ebay.com.au,5.202,,5.202
2021-12-23T23:29:32.180+05:00,TIMEOUT,nvidia.com,60.017,ERR_TIMEOUT,ERR_TIMEOUT
2021-12-23T23:29:40.643+05:00,LOADTIME,eghtesadnews.com,4.438,,4.438
2021-12-23T23:29:48.981+05:00,LOADTIME,medicalnewstoday.com,4.315,,4.315
2021-12-23T23:29:57.588+05:00,LOADTIME,linguee.com,4.56,,4.56
2021-12-23T23:30:14.319+05:00,LOADTIME,lenta.ru,12.672,,12.672
2021-12-23T23:30:19.285+05:00,LOADTIME,yt1s.com,0.936,,0.936
2021-12-23T23:30:25.234+05:00,LOADTIME,lbank.info,1.932,,1.932
2021-12-23T23:30:33.130+05:00,LOADTIME,get-express-vpn.online,3.875,,3.875
2021-12-23T23:30:38.321+05:00,LOADTIME,yourwowfeed.com,1.161,,1.161
2021-12-23T23:30:45.386+05:00,LOADTIME,gap.com,3.049,,3.049
2021-12-23T23:30:52.806+05:00,LOADTIME,discover.com,3.331,,3.331
2021-12-23T23:31:00.421+05:00,LOADTIME,torob.com,3.572,,3.572
2021-12-23T23:31:07.916+05:00,LOADTIME,coursehero.com,3.475,,3.475
2021-12-23T23:31:17.070+05:00,LOADTIME,ny.gov,5.111,,5.111
2021-12-23T23:31:29.736+05:00,LOADTIME,dostor.org,8.625,,8.625
2021-12-23T23:31:37.903+05:00,LOADTIME,justdial.com,4.056,,4.056
2021-12-23T23:31:43.300+05:00,TIMEOUT,pixiv.net,1.374,ERR_SSL_PROTOCOL_ERROR,ERR_SSL_PROTOCOL_ERROR
2021-12-23T23:31:52.014+05:00,LOADTIME,atlassian.net,4.672,,4.672
2021-12-23T23:31:59.476+05:00,LOADTIME,europa.eu,3.43,,3.43
2021-12-23T23:32:23.369+05:00,LOADTIME,newtalk.tw,19.877,,19.877
2021-12-23T23:32:45.106+05:00,LOADTIME,miro.com,17.606,,17.606
2021-12-23T23:32:55.602+05:00,LOADTIME,amazon.com.au,6.451,,6.451
2021-12-23T23:33:02.723+05:00,LOADTIME,indianexpress.com,3.066,,3.066
2021-12-23T23:33:13.940+05:00,LOADTIME,seznam.cz,7.14,,7.14
2021-12-23T23:33:25.932+05:00,LOADTIME,premierbet.co.ao,7.903,,7.903
2021-12-23T23:33:34.547+05:00,LOADTIME,kayak.com,4.59,,4.59
2021-12-23T23:33:42.963+05:00,LOADTIME,mit.edu,4.389,,4.389
2021-12-23T23:33:54.240+05:00,LOADTIME,gotowebinar.com,7.258,,7.258
2021-12-23T23:34:13.674+05:00,LOADTIME,cnbeta.com,15.388,,15.388
2021-12-23T23:34:24.843+05:00,LOADTIME,dmm.co.jp,7.04,,7.04
2021-12-23T23:34:32.041+05:00,LOADTIME,qiita.com,3.18,,3.18
2021-12-23T23:34:39.306+05:00,LOADTIME,sourceforge.net,3.224,,3.224
2021-12-23T23:34:49.110+05:00,LOADTIME,lenovo.com,5.773,,5.773
2021-12-23T23:34:57.358+05:00,LOADTIME,discordapp.com,4.207,,4.207
2021-12-23T23:35:04.983+05:00,LOADTIME,amazon.es,3.605,,3.605
2021-12-23T23:35:30.590+05:00,LOADTIME,pchome.com.tw,21.565,,21.565
2021-12-23T23:35:41.035+05:00,LOADTIME,louisvuitton.com,6.388,,6.388
2021-12-23T23:35:49.298+05:00,LOADTIME,w3school.com.cn,4.233,,4.233
2021-12-23T23:35:58.478+05:00,LOADTIME,viva.co.id,5.154,,5.154
2021-12-23T23:36:29.364+05:00,LOADTIME,zcool.com.cn,26.63,,26.63
2021-12-23T23:36:36.096+05:00,LOADTIME,hm.com,2.663,,2.663
2021-12-23T23:36:42.217+05:00,LOADTIME,weblio.jp,2.095,,2.095
2021-12-23T23:37:46.244+05:00,TIMEOUT,service-now.com,60.011,ERR_TIMEOUT,ERR_TIMEOUT
2021-12-23T23:37:59.572+05:00,LOADTIME,custhelp.com,9.275,,9.275
2021-12-23T23:38:12.582+05:00,LOADTIME,southwest.com,8.988,,8.988
2021-12-23T23:38:21.757+05:00,LOADTIME,mercadolibre.com.ar,5.117,,5.117
2021-12-23T23:38:37.087+05:00,LOADTIME,chron.com,11.279,,11.279
2021-12-23T23:38:46.249+05:00,LOADTIME,people.com.cn,5.057,,5.057
2021-12-23T23:38:56.005+05:00,LOADTIME,kickstarter.com,5.733,,5.733
2021-12-23T23:39:07.616+05:00,LOADTIME,avg.com,7.579,,7.579
2021-12-23T23:39:16.018+05:00,LOADTIME,wp.pl,4.345,,4.345
2021-12-23T23:39:26.965+05:00,LOADTIME,brilio.net,6.918,,6.918
2021-12-23T23:39:35.879+05:00,LOADTIME,springer.com,4.801,,4.801
2021-12-23T23:39:45.572+05:00,LOADTIME,104.com.tw,5.663,,5.663
2021-12-23T23:39:52.969+05:00,LOADTIME,fool.com,3.373,,3.373
2021-12-23T23:39:58.707+05:00,LOADTIME,pexels.com,1.718,,1.718
2021-12-23T23:40:09.218+05:00,LOADTIME,interia.pl,6.486,,6.486
2021-12-23T23:40:19.396+05:00,LOADTIME,mehrnews.com,6.139,,6.139
2021-12-23T23:40:28.481+05:00,LOADTIME,notion.so,5.044,,5.044
2021-12-23T23:40:35.520+05:00,LOADTIME,zippyshare.com,2.96,,2.96
2021-12-23T23:40:45.747+05:00,LOADTIME,albawabhnews.com,6.21,,6.21
2021-12-23T23:40:52.218+05:00,LOADTIME,timeanddate.com,2.423,,2.423
2021-12-23T23:41:00.161+05:00,LOADTIME,clickpost.jp,3.895,,3.895
2021-12-23T23:41:07.006+05:00,LOADTIME,getpocket.com,2.818,,2.818
2021-12-23T23:41:19.690+05:00,LOADTIME,cna.com.tw,8.66,,8.66
2021-12-23T23:42:23.762+05:00,TIMEOUT,www.gov.cn,60.018,ERR_TIMEOUT,ERR_TIMEOUT
2021-12-23T23:42:36.900+05:00,LOADTIME,house365.com,9.112,,9.112
2021-12-23T23:42:46.957+05:00,LOADTIME,invisionapp.com,6.043,,6.043
2021-12-23T23:43:02.208+05:00,LOADTIME,bamboohr.com,11.221,,11.221
2021-12-23T23:43:24.793+05:00,TIMEOUT,epfindia.gov.in,18.557,ERR_CONNECTION_REFUSED,ERR_CONNECTION_REFUSED
2021-12-23T23:43:53.676+05:00,LOADTIME,doordash.com,10.604,,10.604
2021-12-23T23:44:09.763+05:00,LOADTIME,thethao247.vn,12.049,,12.049
2021-12-23T23:44:16.023+05:00,LOADTIME,google.com.ua,1.684,,1.684
2021-12-23T23:44:26.164+05:00,LOADTIME,audible.com,6.117,,6.117
2021-12-23T23:44:38.532+05:00,LOADTIME,chaduo.com,8.284,,8.284
2021-12-23T23:44:59.285+05:00,LOADTIME,dangdang.com,16.73,,16.73
2021-12-23T23:45:04.818+05:00,LOADTIME,shopee.co.th,1.51,,1.51
2021-12-23T23:45:15.721+05:00,LOADTIME,hh.ru,6.865,,6.865
2021-12-23T23:45:31.379+05:00,LOADTIME,ibm.com,11.577,,11.577
2021-12-23T23:45:41.103+05:00,LOADTIME,libero.it,5.675,,5.675
2021-12-23T23:45:45.562+05:00,TIMEOUT,9gag.com,0.431,ERR_SSL_PROTOCOL_ERROR,ERR_SSL_PROTOCOL_ERROR
2021-12-23T23:45:54.216+05:00,LOADTIME,depositphotos.com,4.612,,4.612
2021-12-23T23:46:03.482+05:00,LOADTIME,huim.com,5.235,,5.235
2021-12-23T23:46:14.848+05:00,LOADTIME,kakaku.com,7.347,,7.347
2021-12-23T23:46:37.179+05:00,LOADTIME,matchesfashion.com,18.268,,18.268
2021-12-23T23:46:47.374+05:00,LOADTIME,mayoclinic.org,6.127,,6.127
2021-12-23T23:46:55.223+05:00,LOADTIME,giphy.com,3.811,,3.811
2021-12-23T23:47:05.712+05:00,LOADTIME,nextdoor.com,6.469,,6.469
2021-12-23T23:47:10.676+05:00,LOADTIME,neobux.com,0.92,,0.92
2021-12-23T23:47:17.896+05:00,LOADTIME,editor.wix.com,3.195,,3.195
2021-12-23T23:47:25.113+05:00,LOADTIME,tandfonline.com,3.181,,3.181
2021-12-23T23:47:39.885+05:00,LOADTIME,addthis.com,10.727,,10.727
2021-12-23T23:47:51.909+05:00,LOADTIME,yoox.com,7.991,,7.991
2021-12-23T23:48:00.764+05:00,LOADTIME,ytmp3.cc,4.736,,4.736
2021-12-23T23:48:06.415+05:00,LOADTIME,ouo.io,1.558,,1.558
2021-12-23T23:48:16.148+05:00,LOADTIME,lancers.jp,5.709,,5.709
2021-12-23T23:48:26.125+05:00,LOADTIME,files.wordpress.com,5.947,,5.947
2021-12-23T23:48:35.690+05:00,LOADTIME,meituan.com,5.538,,5.538
2021-12-23T23:48:42.580+05:00,LOADTIME,dafont.com,2.867,,2.867
2021-12-23T23:48:49.156+05:00,LOADTIME,quillbot.com,2.504,,2.504
2021-12-23T23:48:58.778+05:00,LOADTIME,yts.mx,5.594,,5.594
2021-12-23T23:49:12.421+05:00,LOADTIME,usnews.com,9.517,,9.517
2021-12-23T23:49:20.824+05:00,LOADTIME,hindustantimes.com,4.322,,4.322
2021-12-23T23:49:28.456+05:00,LOADTIME,consultant.ru,3.606,,3.606
2021-12-23T23:49:43.662+05:00,LOADTIME,eghtesadonline.com,11.185,,11.185
2021-12-23T23:49:51.677+05:00,LOADTIME,cdc.gov,3.976,,3.976
2021-12-23T23:50:04.572+05:00,LOADTIME,jotform.com,8.868,,8.868
2021-12-23T23:50:13.569+05:00,LOADTIME,dianping.com,4.24,,4.24
2021-12-23T23:50:24.406+05:00,LOADTIME,aruba.it,6.806,,6.806
2021-12-23T23:50:37.689+05:00,LOADTIME,united.com,9.255,,9.255
2021-12-23T23:51:41.761+05:00,TIMEOUT,iliangcang.com,60.018,ERR_TIMEOUT,ERR_TIMEOUT
2021-12-23T23:51:55.923+05:00,LOADTIME,playstation.com,10.132,,10.132
2021-12-23T23:52:15.913+05:00,LOADTIME,rottentomatoes.com,9.127,,9.127
2021-12-23T23:52:27.160+05:00,LOADTIME,ign.com,7.181,,7.181
2021-12-23T23:52:40.192+05:00,LOADTIME,hotels.com,8.905,,8.905
2021-12-23T23:52:48.908+05:00,LOADTIME,pcmag.com,4.686,,4.686
2021-12-23T23:52:55.842+05:00,LOADTIME,nairaland.com,2.655,,2.655
2021-12-23T23:53:05.483+05:00,LOADTIME,wplay.co,5.608,,5.608
2021-12-23T23:53:13.170+05:00,LOADTIME,jw.org,3.653,,3.653
2021-12-23T23:53:19.708+05:00,LOADTIME,business.site,2.506,,2.506
2021-12-23T23:53:33.253+05:00,LOADTIME,rediff.com,9.521,,9.521
2021-12-23T23:53:39.205+05:00,LOADTIME,cloudflare.com,1.847,,1.847
2021-12-23T23:53:54.113+05:00,LOADTIME,eqxiu.com,10.884,,10.884
2021-12-23T23:54:08.516+05:00,LOADTIME,usbank.com,7.817,,7.817
2021-12-23T23:54:21.343+05:00,LOADTIME,docin.com,8.767,,8.767
2021-12-23T23:54:35.233+05:00,LOADTIME,jpnn.com,9.87,,9.87
2021-12-23T23:54:42.818+05:00,LOADTIME,gyazo.com,3.495,,3.495
2021-12-23T23:54:54.645+05:00,LOADTIME,theepochtimes.com,7.799,,7.799
2021-12-23T23:55:10.736+05:00,LOADTIME,statista.com,12.009,,12.009
2021-12-23T23:55:19.548+05:00,LOADTIME,ria.ru,4.775,,4.775
2021-12-23T23:55:28.498+05:00,LOADTIME,myntra.com,4.902,,4.902
2021-12-23T23:55:36.709+05:00,LOADTIME,uptodown.com,4.173,,4.173
2021-12-23T23:55:49.720+05:00,LOADTIME,t-mobile.com,8.984,,8.984
2021-12-23T23:55:58.302+05:00,LOADTIME,thefreedictionary.com,4.314,,4.314
2021-12-23T23:56:11.096+05:00,LOADTIME,onelogin.com,8.736,,8.736
2021-12-23T23:56:22.129+05:00,LOADTIME,indiatoday.in,6.951,,6.951
2021-12-23T23:56:33.705+05:00,LOADTIME,gotomeeting.com,7.453,,7.453
2021-12-23T23:56:39.378+05:00,LOADTIME,google.cl,1.628,,1.628
2021-12-23T23:56:56.707+05:00,LOADTIME,afip.gob.ar,13.309,,13.309
2021-12-23T23:57:07.640+05:00,LOADTIME,trulia.com,6.891,,6.891
2021-12-23T23:57:13.446+05:00,LOADTIME,google.co.za,1.777,,1.777
2021-12-23T23:58:17.486+05:00,TIMEOUT,livedoor.com,60.017,ERR_TIMEOUT,ERR_TIMEOUT
2021-12-23T23:58:24.685+05:00,LOADTIME,asus.com,3.16,,3.16
2021-12-23T23:58:30.847+05:00,LOADTIME,ameli.fr,2.134,,2.134
2021-12-23T23:58:41.572+05:00,LOADTIME,vidio.com,6.7,,6.7
2021-12-23T23:58:51.806+05:00,LOADTIME,ebay.fr,6.198,,6.198
2021-12-23T23:59:03.552+05:00,LOADTIME,renren.com,7.545,,7.545
2021-12-23T23:59:08.298+05:00,LOADTIME,dspultra.com,0.72,,0.72
2021-12-23T23:59:16.611+05:00,LOADTIME,amazon.sa,4.29,,4.29
2021-12-23T23:59:30.092+05:00,LOADTIME,ivi.ru,9.438,,9.438
2021-12-23T23:59:43.590+05:00,LOADTIME,edh.tw,9.397,,9.397
2021-12-24T00:00:18.081+05:00,LOADTIME,zhibo8.cc,30.347,,30.347
2021-12-24T00:00:26.572+05:00,LOADTIME,retailmenot.com,4.442,,4.442
2021-12-24T00:00:37.573+05:00,LOADTIME,milliyet.com.tr,6.951,,6.951
2021-12-24T00:00:46.723+05:00,LOADTIME,repubblica.it,5.061,,5.061
2021-12-24T00:01:00.151+05:00,LOADTIME,webflow.com,9.386,,9.386
2021-12-24T00:01:16.567+05:00,LOADTIME,kooora.com,10.572,,10.572
2021-12-24T00:01:27.009+05:00,LOADTIME,shopbop.com,6.324,,6.324
2021-12-24T00:01:36.149+05:00,LOADTIME,kemdikbud.go.id,5.092,,5.092
2021-12-24T00:01:47.982+05:00,LOADTIME,zalo.me,7.815,,7.815
2021-12-24T00:01:54.242+05:00,LOADTIME,kahoot.it,2.242,,2.242
2021-12-24T00:02:10.320+05:00,LOADTIME,free.fr,12.055,,12.055
2021-12-24T00:02:22.176+05:00,LOADTIME,oraclecloud.com,7.831,,7.831
2021-12-24T00:02:28.197+05:00,LOADTIME,pixlr.com,1.98,,1.98
2021-12-24T00:02:32.828+05:00,LOADTIME,onmarshtompor.com,0.61,,0.61
2021-12-24T00:02:41.108+05:00,LOADTIME,poshmark.com,4.261,,4.261
2021-12-24T00:02:50.188+05:00,LOADTIME,juntadeandalucia.es,5.043,,5.043
2021-12-24T00:02:57.247+05:00,LOADTIME,brainly.com.br,3.04,,3.04
2021-12-24T00:03:02.238+05:00,LOADTIME,gstatic.com,0.971,,0.971
2021-12-24T00:03:11.618+05:00,LOADTIME,ancestry.com,5.35,,5.35
2021-12-24T00:03:20.602+05:00,LOADTIME,shopify.com,4.916,,4.916
2021-12-24T00:03:29.796+05:00,LOADTIME,ultimate-guitar.com,5.163,,5.163
2021-12-24T00:03:40.180+05:00,LOADTIME,cisco.com,6.332,,6.332
2021-12-24T00:03:54.611+05:00,LOADTIME,banggood.com,10.406,,10.406
2021-12-24T00:04:00.019+05:00,LOADTIME,t66y.com,1.137,,1.137
2021-12-24T00:04:07.568+05:00,LOADTIME,kompas.tv,3.531,,3.531
2021-12-24T00:04:23.249+05:00,LOADTIME,znds.com,11.472,,11.472
2021-12-24T00:04:35.967+05:00,LOADTIME,epicgames.com,8.615,,8.615
2021-12-24T00:04:48.901+05:00,LOADTIME,rbc.ru,8.892,,8.892
2021-12-24T00:04:54.952+05:00,LOADTIME,google.at,1.946,,1.946
2021-12-24T00:05:03.314+05:00,LOADTIME,tampermonkey.net,4.336,,4.336
2021-12-24T00:05:11.107+05:00,LOADTIME,saednews.com,3.741,,3.741
2021-12-24T00:05:22.127+05:00,LOADTIME,eksisozluk.com,6.994,,6.994
2021-12-24T00:05:28.684+05:00,LOADTIME,livemint.com,2.461,,2.461
2021-12-24T00:05:37.788+05:00,LOADTIME,yumpu.com,5.077,,5.077
2021-12-24T00:05:52.802+05:00,LOADTIME,reclameaqui.com.br,10.951,,10.951
2021-12-24T00:06:16.472+05:00,LOADTIME,realestate.com.au,19.607,,19.607
2021-12-24T00:06:21.092+05:00,LOADTIME,adbtc.top,0.428,,0.428
2021-12-24T00:06:29.079+05:00,LOADTIME,quizizz.com,3.968,,3.968
2021-12-24T00:06:41.523+05:00,LOADTIME,thegatewaypundit.com,8.414,,8.414
2021-12-24T00:06:56.027+05:00,LOADTIME,irctc.co.in,10.432,,10.432
2021-12-24T00:07:11.816+05:00,LOADTIME,autodesk.com,11.696,,11.696
2021-12-24T00:07:17.841+05:00,LOADTIME,google.com.pe,1.68,,1.68
2021-12-24T00:07:26.967+05:00,LOADTIME,elsevier.com,5.105,,5.105
2021-12-24T00:07:44.367+05:00,LOADTIME,itmedia.co.jp,13.367,,13.367
2021-12-24T00:07:54.023+05:00,LOADTIME,edf.fr,5.562,,5.562
2021-12-24T00:08:05.066+05:00,LOADTIME,t-online.de,7.013,,7.013
2021-12-24T00:08:24.772+05:00,LOADTIME,mercadolibre.com.co,15.678,,15.678
2021-12-24T00:08:32.164+05:00,LOADTIME,endclothing.com,3.341,,3.341
2021-12-24T00:08:47.808+05:00,LOADTIME,biblegateway.com,11.62,,11.62
2021-12-24T00:08:56.947+05:00,LOADTIME,keywordtool.io,5.035,,5.035
2021-12-24T00:09:23.483+05:00,LOADTIME,258.com,22.496,,22.496
2021-12-24T00:09:28.746+05:00,TIMEOUT,southcn.com,1.231,ERR_SSL_PROTOCOL_ERROR,ERR_SSL_PROTOCOL_ERROR
2021-12-24T00:09:35.470+05:00,LOADTIME,sozcu.com.tr,2.685,,2.685
2021-12-24T00:09:44.393+05:00,LOADTIME,lazada.co.th,4.888,,4.888
2021-12-24T00:09:53.888+05:00,LOADTIME,spiegel.de,5.411,,5.411
2021-12-24T00:10:00.074+05:00,LOADTIME,pandora.com,2.159,,2.159
2021-12-24T00:10:09.178+05:00,LOADTIME,credit-agricole.fr,5.082,,5.082
2021-12-24T00:10:23.746+05:00,LOADTIME,58.com,10.543,,10.543
2021-12-24T00:10:35.859+05:00,LOADTIME,todamateria.com.br,8.085,,8.085
2021-12-24T00:10:52.128+05:00,LOADTIME,saramin.co.kr,12.221,,12.221
2021-12-24T00:10:59.398+05:00,LOADTIME,lifo.gr,3.234,,3.234
2021-12-24T00:11:07.371+05:00,LOADTIME,parsfootball.com,3.935,,3.935
2021-12-24T00:11:17.760+05:00,LOADTIME,mydramalist.com,6.364,,6.364
2021-12-24T00:11:26.774+05:00,LOADTIME,adobelogin.com,4.838,,4.838
2021-12-24T00:11:38.216+05:00,LOADTIME,billdesk.com,7.383,,7.383
2021-12-24T00:11:51.798+05:00,LOADTIME,tejaratnews.com,9.56,,9.56
2021-12-24T00:11:58.721+05:00,LOADTIME,oxu.az,2.887,,2.887
2021-12-24T00:12:11.366+05:00,LOADTIME,xe.com,8.606,,8.606
2021-12-24T00:12:22.266+05:00,LOADTIME,overstock.com,6.83,,6.83
2021-12-24T00:12:36.763+05:00,LOADTIME,worksmobile.com,10.451,,10.451
2021-12-24T00:12:54.065+05:00,LOADTIME,ngacn.cc,13.285,,13.285
2021-12-24T00:13:03.629+05:00,LOADTIME,coinbase.com,5.541,,5.541
2021-12-24T00:13:17.144+05:00,LOADTIME,nbcnews.com,9.496,,9.496
2021-12-24T00:14:21.255+05:00,TIMEOUT,haraj.com.sa,60.014,ERR_TIMEOUT,ERR_TIMEOUT
2021-12-24T00:14:32.319+05:00,LOADTIME,cybozu.com,7.042,,7.042
2021-12-24T00:14:39.042+05:00,LOADTIME,opensooq.com,2.7,,2.7
2021-12-24T00:14:51.823+05:00,LOADTIME,storm.mg,8.757,,8.757
2021-12-24T00:15:02.826+05:00,LOADTIME,sendinblue.com,6.949,,6.949
2021-12-24T00:15:10.633+05:00,LOADTIME,msi.com,3.757,,3.757
2021-12-24T00:15:19.112+05:00,LOADTIME,bolasport.com,4.463,,4.463
2021-12-24T00:15:28.079+05:00,LOADTIME,drudgereport.com,4.861,,4.861
2021-12-24T00:15:43.951+05:00,LOADTIME,wegotthiscovered.com,11.827,,11.827
2021-12-24T00:15:57.419+05:00,LOADTIME,theoutnet.com,9.268,,9.268
2021-12-24T00:16:02.025+05:00,LOADTIME,srvtrck.com,0.533,,0.533
2021-12-24T00:16:06.918+05:00,LOADTIME,guru99.com,0.877,,0.877
2021-12-24T00:16:11.948+05:00,LOADTIME,nseindia.com,1.007,,1.007
2021-12-24T00:16:20.065+05:00,LOADTIME,wondershare.com,4.094,,4.094
2021-12-24T00:16:30.695+05:00,LOADTIME,wiley.com,6.603,,6.603
2021-12-24T00:16:38.056+05:00,LOADTIME,tesla.com,3.184,,3.184
2021-12-24T00:16:44.008+05:00,LOADTIME,steamcommunity.com,1.933,,1.933
2021-12-24T00:16:53.643+05:00,LOADTIME,tass.ru,5.611,,5.611
2021-12-24T00:17:00.301+05:00,LOADTIME,javatpoint.com,2.631,,2.631
2021-12-24T00:17:07.868+05:00,LOADTIME,disqus.com,3.509,,3.509
2021-12-24T00:17:21.692+05:00,LOADTIME,webex.com,9.803,,9.803
2021-12-24T00:17:27.929+05:00,LOADTIME,iloveimg.com,2.078,,2.078
2021-12-24T00:17:36.037+05:00,LOADTIME,ukr.net,4.084,,4.084
2021-12-24T00:17:46.637+05:00,LOADTIME,meetup.com,6.526,,6.526
2021-12-24T00:18:12.784+05:00,LOADTIME,appledaily.com,22.096,,22.096
2021-12-24T00:18:18.175+05:00,LOADTIME,emalls.ir,1.373,,1.373
2021-12-24T00:18:27.227+05:00,LOADTIME,beytoote.com,5.033,,5.033
2021-12-24T00:18:36.709+05:00,LOADTIME,bitly.com,5.451,,5.451
2021-12-24T00:18:43.352+05:00,LOADTIME,khanacademy.org,2.618,,2.618
2021-12-24T00:18:56.161+05:00,LOADTIME,britannica.com,8.79,,8.79
2021-12-24T00:19:04.558+05:00,LOADTIME,strava.com,4.256,,4.256
2021-12-24T00:19:11.763+05:00,LOADTIME,autotrader.com,3.185,,3.185
2021-12-24T00:20:15.802+05:00,TIMEOUT,mydrivers.com,60.017,ERR_TIMEOUT,ERR_TIMEOUT
2021-12-24T00:21:19.856+05:00,TIMEOUT,oeeee.com,60.018,ERR_TIMEOUT,ERR_TIMEOUT
2021-12-24T00:21:27.295+05:00,LOADTIME,harvard.edu,3.414,,3.414
2021-12-24T00:21:33.272+05:00,LOADTIME,wordreference.com,1.95,,1.95
2021-12-24T00:21:40.869+05:00,LOADTIME,gettyimages.com,3.579,,3.579
2021-12-24T00:21:53.495+05:00,LOADTIME,hotmart.com,8.594,,8.594
2021-12-24T00:21:58.646+05:00,LOADTIME,blackboardcdn.com,1.122,,1.122
2021-12-24T00:22:24.595+05:00,LOADTIME,jjwxc.net,21.929,,21.929
2021-12-24T00:22:34.111+05:00,LOADTIME,noon.com,5.488,,5.488
2021-12-24T00:22:41.521+05:00,LOADTIME,dreamstime.com,3.341,,3.341
2021-12-24T00:22:57.539+05:00,LOADTIME,hatenablog.com,11.99,,11.99
2021-12-24T00:23:07.319+05:00,LOADTIME,steampowered.com,5.701,,5.701
2021-12-24T00:23:26.561+05:00,LOADTIME,youku.com,15.223,,15.223
2021-12-24T00:23:37.157+05:00,LOADTIME,express.dhl,6.568,,6.568
2021-12-24T00:23:42.589+05:00,LOADTIME,asmag.com.cn,1.406,,1.406
2021-12-24T00:23:53.176+05:00,LOADTIME,workable.com,6.571,,6.571
2021-12-24T00:24:05.753+05:00,LOADTIME,yektanet.com,8.553,,8.553
2021-12-24T00:24:12.827+05:00,LOADTIME,shahid4u.land,3.052,,3.052
2021-12-24T00:24:22.050+05:00,LOADTIME,espncricinfo.com,5.199,,5.199
2021-12-24T00:24:33.602+05:00,LOADTIME,eluniverso.com,7.258,,7.258
2021-12-24T00:24:41.439+05:00,LOADTIME,css-tricks.com,3.768,,3.768
2021-12-24T00:24:51.948+05:00,LOADTIME,vtv.vn,6.481,,6.481
2021-12-24T00:25:02.187+05:00,LOADTIME,duolingo.com,6.131,,6.131
2021-12-24T00:25:08.567+05:00,LOADTIME,trontv.com,2.277,,2.277
2021-12-24T00:25:13.467+05:00,LOADTIME,bbb.org,0.869,,0.869
2021-12-24T00:25:18.830+05:00,LOADTIME,shopee.ph,1.346,,1.346
2021-12-24T00:25:24.425+05:00,LOADTIME,cloudconvert.com,1.557,,1.557
2021-12-24T00:25:30.865+05:00,LOADTIME,semrush.com,2.418,,2.418
2021-12-24T00:26:34.946+05:00,TIMEOUT,thepaper.cn,60.049,ERR_TIMEOUT,ERR_TIMEOUT
2021-12-24T00:26:53.271+05:00,LOADTIME,cbssports.com,14.301,,14.301
2021-12-24T00:27:00.925+05:00,LOADTIME,houzz.com,3.517,,3.517
2021-12-24T00:27:10.715+05:00,LOADTIME,tanea.gr,5.759,,5.759
2021-12-24T00:27:16.755+05:00,LOADTIME,zara.com,2.014,,2.014
2021-12-24T00:27:23.301+05:00,LOADTIME,hespress.com,2.502,,2.502
2021-12-24T00:27:32.480+05:00,LOADTIME,uber.com,5.114,,5.114
2021-12-24T00:27:37.822+05:00,LOADTIME,google.com.pk,1.308,,1.308
2021-12-24T00:28:41.902+05:00,TIMEOUT,xgo.com.cn,60.017,ERR_TIMEOUT,ERR_TIMEOUT
2021-12-24T00:28:54.795+05:00,LOADTIME,u.gg,8.865,,8.865
2021-12-24T00:29:59.310+05:00,TIMEOUT,asana.com,60.284,ERR_TIMEOUT,ERR_TIMEOUT
2021-12-24T00:30:07.159+05:00,LOADTIME,zingnews.vn,3.751,,3.751
2021-12-24T00:30:18.059+05:00,LOADTIME,farfetch.com,6.849,,6.849
2021-12-24T00:30:27.155+05:00,LOADTIME,vanguard.com,5.028,,5.028
2021-12-24T00:30:37.689+05:00,LOADTIME,a8.net,6.505,,6.505
2021-12-24T00:30:49.211+05:00,LOADTIME,discogs.com,7.502,,7.502
2021-12-24T00:31:01.434+05:00,LOADTIME,mundoeducacao.uol.com.br,8.189,,8.189
2021-12-24T00:31:12.530+05:00,LOADTIME,kp.ru,7.04,,7.04
2021-12-24T00:31:17.659+05:00,LOADTIME,poste.it,1.105,,1.105
2021-12-24T00:31:22.325+05:00,TIMEOUT,stripchat.com,0.649,ERR_SSL_PROTOCOL_ERROR,ERR_SSL_PROTOCOL_ERROR
2021-12-24T00:31:30.742+05:00,LOADTIME,dawn.com,4.299,,4.299
2021-12-24T00:31:44.744+05:00,LOADTIME,vistaprint.com,9.948,,9.948
2021-12-24T00:31:58.987+05:00,LOADTIME,anjuke.com,10.147,,10.147
2021-12-24T00:32:08.241+05:00,LOADTIME,norton.com,5.229,,5.229
2021-12-24T00:32:18.108+05:00,LOADTIME,kijiji.ca,5.798,,5.798
2021-12-24T00:32:27.940+05:00,LOADTIME,techradar.com,5.798,,5.798
2021-12-24T00:32:37.031+05:00,LOADTIME,hamariweb.com,4.96,,4.96
2021-12-24T00:32:46.225+05:00,LOADTIME,aweber.com,5.12,,5.12
2021-12-24T00:32:56.144+05:00,LOADTIME,olx.ua,5.886,,5.886
2021-12-24T00:33:33.034+05:00,LOADTIME,52pk.com,32.817,,32.817
2021-12-24T00:33:48.011+05:00,LOADTIME,people.com,10.94,,10.94
2021-12-24T00:33:55.550+05:00,LOADTIME,statcounter.com,3.374,,3.374
2021-12-24T00:34:00.471+05:00,LOADTIME,cvs.com,0.903,,0.903
2021-12-24T00:34:06.566+05:00,LOADTIME,cuevana3.io,2.069,,2.069
2021-12-24T00:34:11.831+05:00,LOADTIME,shopee.sg,1.197,,1.197
2021-12-24T00:34:16.888+05:00,LOADTIME,91boshi.net,1.012,,1.012
2021-12-24T00:34:27.037+05:00,LOADTIME,ed.gov,6.128,,6.128
2021-12-24T00:34:35.410+05:00,LOADTIME,hi.ru,4.353,,4.353
2021-12-24T00:34:44.349+05:00,LOADTIME,ionos.com,4.868,,4.868
2021-12-24T00:34:56.037+05:00,LOADTIME,uefa.com,7.652,,7.652
2021-12-24T00:35:08.627+05:00,LOADTIME,hangseng.com,8.507,,8.507
2021-12-24T00:35:34.595+05:00,LOADTIME,mercadolibre.com.ve,21.942,,21.942
2021-12-24T00:35:49.101+05:00,LOADTIME,icims.com,10.451,,10.451
2021-12-24T00:35:56.047+05:00,LOADTIME,gadgetnews.net,2.896,,2.896
2021-12-24T00:36:01.413+05:00,TIMEOUT,exoclick.com,1.341,ERR_SSL_PROTOCOL_ERROR,ERR_SSL_PROTOCOL_ERROR
2021-12-24T00:36:12.132+05:00,LOADTIME,joinhoney.com,6.68,,6.68
2021-12-24T00:37:05.612+05:00,LOADTIME,bancodevenezuela.com,49.408,,49.408
2021-12-24T00:37:20.743+05:00,LOADTIME,nownews.com,11.109,,11.109
2021-12-24T00:37:32.404+05:00,LOADTIME,syf.com,7.556,,7.556
2021-12-24T00:37:47.174+05:00,LOADTIME,bedbathandbeyond.com,10.704,,10.704
2021-12-24T00:37:56.247+05:00,LOADTIME,activecampaign.com,5.023,,5.023
2021-12-24T00:38:11.006+05:00,LOADTIME,tempo.co,10.735,,10.735
2021-12-24T00:38:21.217+05:00,LOADTIME,cpanel.net,5.97,,5.97
2021-12-24T00:38:27.808+05:00,LOADTIME,gtmetrix.com,2.569,,2.569
2021-12-24T00:38:32.641+05:00,LOADTIME,earningates.com,0.808,,0.808
2021-12-24T00:38:42.254+05:00,LOADTIME,glassdoor.co.in,5.598,,5.598
2021-12-24T00:38:51.471+05:00,LOADTIME,mos.ru,5.155,,5.155
2021-12-24T00:39:01.661+05:00,LOADTIME,zappos.com,6.161,,6.161
2021-12-24T00:39:18.073+05:00,LOADTIME,huya.com,12.339,,12.339
2021-12-24T00:39:24.073+05:00,LOADTIME,cyberleninka.ru,1.952,,1.952
2021-12-24T00:39:34.302+05:00,LOADTIME,pole-emploi.fr,6.21,,6.21
2021-12-24T00:39:44.135+05:00,LOADTIME,smartrecruiters.com,5.766,,5.766
2021-12-24T00:39:57.971+05:00,LOADTIME,pnc.com,9.81,,9.81
2021-12-24T00:40:06.218+05:00,LOADTIME,ebay.it,4.15,,4.15
2021-12-24T00:40:21.715+05:00,LOADTIME,alimama.com,11.458,,11.458
2021-12-24T00:40:29.783+05:00,LOADTIME,gamer.com.tw,4.036,,4.036
2021-12-24T00:40:39.403+05:00,LOADTIME,digiato.com,5.387,,5.387
2021-12-24T00:40:50.535+05:00,LOADTIME,olx.pl,7.1,,7.1
2021-12-24T00:41:01.110+05:00,LOADTIME,teambition.com,6.519,,6.519
2021-12-24T00:41:05.656+05:00,TIMEOUT,wattpad.com,0.521,ERR_SSL_PROTOCOL_ERROR,ERR_SSL_PROTOCOL_ERROR
2021-12-24T00:41:24.524+05:00,LOADTIME,pinterest.jp,14.824,,14.824
2021-12-24T00:41:31.913+05:00,LOADTIME,motorplus-online.com,3.361,,3.361
2021-12-24T00:41:40.505+05:00,LOADTIME,globalsources.com,4.426,,4.426
2021-12-24T00:42:02.994+05:00,LOADTIME,kdslife.com,16.301,,16.301
2021-12-24T00:42:16.583+05:00,LOADTIME,uniqlo.com,9.548,,9.548
2021-12-24T00:42:26.849+05:00,LOADTIME,gogoanime.ai,5.846,,5.846
2021-12-24T00:42:44.588+05:00,LOADTIME,nalog.ru,13.716,,13.716
2021-12-24T00:42:50.338+05:00,LOADTIME,google.com.my,1.72,,1.72
2021-12-24T00:42:57.411+05:00,LOADTIME,groupon.com,3.048,,3.048
2021-12-24T00:43:07.040+05:00,LOADTIME,commbank.com.au,5.577,,5.577
2021-12-24T00:43:22.414+05:00,LOADTIME,net-a-porter.com,11.349,,11.349
2021-12-24T00:43:30.718+05:00,LOADTIME,elintransigente.com,4.242,,4.242
2021-12-24T00:43:40.680+05:00,LOADTIME,nbcsports.com,5.936,,5.936
2021-12-24T00:43:49.187+05:00,LOADTIME,samsclub.com,4.438,,4.438
2021-12-24T00:43:59.723+05:00,LOADTIME,howtogeek.com,6.35,,6.35
2021-12-24T00:44:06.925+05:00,LOADTIME,anchor.fm,3.068,,3.068
2021-12-24T00:44:14.525+05:00,LOADTIME,myanimelist.net,3.571,,3.571
2021-12-24T00:44:34.084+05:00,LOADTIME,hilton.com,15.526,,15.526
2021-12-24T00:44:43.814+05:00,LOADTIME,stockx.com,5.539,,5.539
2021-12-24T00:44:52.798+05:00,LOADTIME,tinkoff.ru,4.704,,4.704
2021-12-24T00:45:39.264+05:00,LOADTIME,2345.com,42.435,,42.435
2021-12-24T00:45:50.581+05:00,LOADTIME,xiaomi.com,7.257,,7.257
2021-12-24T00:45:55.854+05:00,LOADTIME,online-convert.com,1.221,,1.221
2021-12-24T00:46:07.054+05:00,LOADTIME,haibunda.com,7.178,,7.178
2021-12-24T00:46:22.766+05:00,LOADTIME,domaintools.com,11.466,,11.466
2021-12-24T00:46:46.449+05:00,LOADTIME,asahi.com,19.659,,19.659
2021-12-24T00:46:59.595+05:00,LOADTIME,lanacion.com.ar,9.005,,9.005
2021-12-24T00:47:20.358+05:00,LOADTIME,almaghreb24.com,16.657,,16.657
2021-12-24T00:47:29.435+05:00,LOADTIME,17track.net,4.94,,4.94
2021-12-24T00:47:35.226+05:00,LOADTIME,google.nl,1.751,,1.751
2021-12-24T00:47:48.523+05:00,LOADTIME,towardsdatascience.com,9.277,,9.277
2021-12-24T00:48:05.789+05:00,LOADTIME,wowma.jp,13.234,,13.234
