timestamp,url
2021-12-21T17:59:46.529+05:00,WARMUP
2021-12-21T18:00:59.806+05:00,google.com
2021-12-21T18:01:00.972+05:00,LOADTIME|google.com|1.166
2021-12-21T18:01:05.137+05:00,youtube.com
2021-12-21T18:01:08.083+05:00,LOADTIME|youtube.com|2.946
2021-12-21T18:01:12.123+05:00,tmall.com
2021-12-21T18:01:23.110+05:00,LOADTIME|tmall.com|10.987
2021-12-21T18:01:27.143+05:00,qq.com
2021-12-21T18:01:42.022+05:00,LOADTIME|qq.com|14.879
2021-12-21T18:01:46.045+05:00,baidu.com
2021-12-21T18:01:56.184+05:00,LOADTIME|baidu.com|10.139
2021-12-21T18:02:00.203+05:00,sohu.com
2021-12-21T18:02:41.863+05:00,LOADTIME|sohu.com|41.66
2021-12-21T18:02:45.922+05:00,facebook.com
2021-12-21T18:02:48.045+05:00,LOADTIME|facebook.com|2.123
2021-12-21T18:02:52.078+05:00,taobao.com
2021-12-21T18:03:02.609+05:00,LOADTIME|taobao.com|10.531
2021-12-21T18:03:06.653+05:00,360.cn
2021-12-21T18:03:20.800+05:00,LOADTIME|360.cn|14.147
2021-12-21T18:03:24.821+05:00,jd.com
2021-12-21T18:03:35.656+05:00,LOADTIME|jd.com|10.835
2021-12-21T18:03:40.167+05:00,yahoo.com
2021-12-21T18:03:49.160+05:00,LOADTIME|yahoo.com|8.993
2021-12-21T18:03:53.310+05:00,amazon.com
2021-12-21T18:03:57.349+05:00,LOADTIME|amazon.com|4.039
2021-12-21T18:04:01.381+05:00,zoom.us
2021-12-21T18:04:06.620+05:00,LOADTIME|zoom.us|5.239
2021-12-21T18:04:11.661+05:00,wikipedia.org
2021-12-21T18:04:15.295+05:00,LOADTIME|wikipedia.org|3.634
2021-12-21T18:04:19.319+05:00,weibo.com
2021-12-21T18:04:48.265+05:00,LOADTIME|weibo.com|28.946
2021-12-21T18:04:52.383+05:00,xinhuanet.com
2021-12-21T18:05:57.142+05:00,TIMEOUT|xinhuanet.com|64.759
2021-12-21T18:06:01.183+05:00,sina.com.cn
2021-12-21T18:06:45.976+05:00,LOADTIME|sina.com.cn|44.793
2021-12-21T18:06:50.029+05:00,live.com
2021-12-21T18:06:54.514+05:00,LOADTIME|live.com|4.485
2021-12-21T18:06:58.539+05:00,microsoft.com
2021-12-21T18:07:02.419+05:00,LOADTIME|microsoft.com|3.88
2021-12-21T18:07:06.461+05:00,reddit.com
2021-12-21T18:07:21.071+05:00,LOADTIME|reddit.com|14.61
2021-12-21T18:07:25.106+05:00,office.com
2021-12-21T18:07:29.868+05:00,LOADTIME|office.com|4.762
2021-12-21T18:07:33.895+05:00,netflix.com
2021-12-21T18:07:40.429+05:00,LOADTIME|netflix.com|6.534
2021-12-21T18:07:44.559+05:00,zhanqi.tv
2021-12-21T18:08:34.941+05:00,LOADTIME|zhanqi.tv|50.382
2021-12-21T18:08:39.000+05:00,panda.tv
2021-12-21T18:08:43.734+05:00,LOADTIME|panda.tv|4.734
2021-12-21T18:08:47.757+05:00,instagram.com
2021-12-21T18:09:01.058+05:00,LOADTIME|instagram.com|13.301
2021-12-21T18:09:05.094+05:00,force.com
2021-12-21T18:09:15.494+05:00,LOADTIME|force.com|10.4
2021-12-21T18:09:19.561+05:00,alipay.com
2021-12-21T18:10:19.578+05:00,TIMEOUT|alipay.com|60.017
2021-12-21T18:10:23.618+05:00,csdn.net
2021-12-21T18:10:34.910+05:00,LOADTIME|csdn.net|11.292
2021-12-21T18:10:38.946+05:00,bing.com
2021-12-21T18:10:40.011+05:00,LOADTIME|bing.com|1.065
2021-12-21T18:10:44.039+05:00,myshopify.com
2021-12-21T18:10:45.304+05:00,LOADTIME|myshopify.com|1.265
2021-12-21T18:10:49.319+05:00,vk.com
2021-12-21T18:10:53.719+05:00,LOADTIME|vk.com|4.4
2021-12-21T18:10:57.756+05:00,microsoftonline.com
2021-12-21T18:10:58.212+05:00,TIMEOUT|microsoftonline.com|0.456
2021-12-21T18:11:02.256+05:00,google.com.hk
2021-12-21T18:11:03.997+05:00,LOADTIME|google.com.hk|1.741
2021-12-21T18:11:08.016+05:00,yahoo.co.jp
2021-12-21T18:11:17.670+05:00,LOADTIME|yahoo.co.jp|9.654
2021-12-21T18:11:21.726+05:00,naver.com
2021-12-21T18:11:27.683+05:00,LOADTIME|naver.com|5.957
2021-12-21T18:11:31.705+05:00,bongacams.com
2021-12-21T18:11:34.723+05:00,LOADTIME|bongacams.com|3.018
2021-12-21T18:11:38.745+05:00,okezone.com
2021-12-21T18:11:49.641+05:00,LOADTIME|okezone.com|10.896
2021-12-21T18:11:53.726+05:00,adobe.com
2021-12-21T18:11:58.443+05:00,LOADTIME|adobe.com|4.717
2021-12-21T18:12:02.526+05:00,salesforce.com
2021-12-21T18:12:13.339+05:00,LOADTIME|salesforce.com|10.813
2021-12-21T18:12:17.392+05:00,twitter.com
2021-12-21T18:12:18.697+05:00,LOADTIME|twitter.com|1.305
2021-12-21T18:12:22.732+05:00,ebay.com
2021-12-21T18:12:30.124+05:00,LOADTIME|ebay.com|7.392
2021-12-21T18:12:34.229+05:00,huanqiu.com
2021-12-21T18:13:02.479+05:00,LOADTIME|huanqiu.com|28.25
2021-12-21T18:13:06.498+05:00,apple.com
2021-12-21T18:13:14.553+05:00,LOADTIME|apple.com|8.055
2021-12-21T18:13:18.575+05:00,twitch.tv
2021-12-21T18:13:21.107+05:00,LOADTIME|twitch.tv|2.532
2021-12-21T18:13:25.194+05:00,yy.com
2021-12-21T18:14:16.466+05:00,LOADTIME|yy.com|51.272
2021-12-21T18:14:20.497+05:00,tianya.cn
2021-12-21T18:15:20.513+05:00,TIMEOUT|tianya.cn|60.016
2021-12-21T18:15:24.533+05:00,amazon.in
2021-12-21T18:15:29.193+05:00,LOADTIME|amazon.in|4.66
2021-12-21T18:15:33.237+05:00,amazon.co.jp
2021-12-21T18:15:36.890+05:00,LOADTIME|amazon.co.jp|3.653
2021-12-21T18:15:40.919+05:00,linkedin.com
2021-12-21T18:15:42.361+05:00,LOADTIME|linkedin.com|1.442
2021-12-21T18:15:46.394+05:00,aliexpress.com
2021-12-21T18:15:55.145+05:00,LOADTIME|aliexpress.com|8.751
2021-12-21T18:15:59.182+05:00,slack.com
2021-12-21T18:16:06.183+05:00,LOADTIME|slack.com|7.001
2021-12-21T18:16:10.234+05:00,chaturbate.com
2021-12-21T18:16:15.096+05:00,LOADTIME|chaturbate.com|4.862
2021-12-21T18:16:19.134+05:00,yandex.ru
2021-12-21T18:16:21.688+05:00,TIMEOUT|yandex.ru|2.554
2021-12-21T18:16:25.728+05:00,aparat.com
2021-12-21T18:16:29.442+05:00,LOADTIME|aparat.com|3.714
2021-12-21T18:16:33.466+05:00,mail.ru
2021-12-21T18:16:41.524+05:00,LOADTIME|mail.ru|8.058
2021-12-21T18:16:45.569+05:00,17ok.com
2021-12-21T18:17:20.140+05:00,TIMEOUT|17ok.com|34.571
2021-12-21T18:17:40.422+05:00,dropbox.com
2021-12-21T18:17:44.970+05:00,LOADTIME|dropbox.com|4.548
2021-12-21T18:17:49.001+05:00,1688.com
2021-12-21T18:18:49.017+05:00,TIMEOUT|1688.com|60.016
2021-12-21T18:18:53.069+05:00,haosou.com
2021-12-21T18:19:53.079+05:00,TIMEOUT|haosou.com|60.01
2021-12-21T18:19:57.101+05:00,msn.com
2021-12-21T18:19:59.250+05:00,LOADTIME|msn.com|2.149
2021-12-21T18:20:03.279+05:00,indeed.com
2021-12-21T18:20:07.107+05:00,LOADTIME|indeed.com|3.828
2021-12-21T18:20:11.125+05:00,whatsapp.com
2021-12-21T18:20:13.998+05:00,LOADTIME|whatsapp.com|2.873
2021-12-21T18:20:18.030+05:00,wordpress.com
2021-12-21T18:20:25.603+05:00,LOADTIME|wordpress.com|7.573
2021-12-21T18:20:29.637+05:00,google.co.in
2021-12-21T18:20:31.283+05:00,LOADTIME|google.co.in|1.646
2021-12-21T18:20:35.308+05:00,okta.com
2021-12-21T18:20:48.153+05:00,LOADTIME|okta.com|12.845
2021-12-21T18:20:52.225+05:00,amazonaws.com
2021-12-21T18:20:53.292+05:00,TIMEOUT|amazonaws.com|1.067
2021-12-21T18:20:57.325+05:00,tradingview.com
2021-12-21T18:21:01.410+05:00,LOADTIME|tradingview.com|4.085
2021-12-21T18:21:05.437+05:00,ok.ru
2021-12-21T18:21:10.652+05:00,LOADTIME|ok.ru|5.215
2021-12-21T18:21:14.676+05:00,babytree.com
2021-12-21T18:21:44.859+05:00,LOADTIME|babytree.com|30.183
2021-12-21T18:21:48.879+05:00,google.com.br
2021-12-21T18:21:50.438+05:00,LOADTIME|google.com.br|1.559
2021-12-21T18:21:54.460+05:00,rakuten.co.jp
2021-12-21T18:22:08.582+05:00,LOADTIME|rakuten.co.jp|14.122
2021-12-21T18:22:12.661+05:00,chase.com
2021-12-21T18:22:24.472+05:00,LOADTIME|chase.com|11.811
2021-12-21T18:22:29.004+05:00,alibaba.com
2021-12-21T18:23:29.020+05:00,TIMEOUT|alibaba.com|60.016
2021-12-21T18:23:33.063+05:00,kompas.com
2021-12-21T18:23:38.473+05:00,LOADTIME|kompas.com|5.41
2021-12-21T18:23:42.560+05:00,tiktok.com
2021-12-21T18:23:47.874+05:00,LOADTIME|tiktok.com|5.314
2021-12-21T18:23:51.939+05:00,canva.com
2021-12-21T18:23:55.754+05:00,LOADTIME|canva.com|3.815
2021-12-21T18:23:59.795+05:00,tribunnews.com
2021-12-21T18:24:04.647+05:00,LOADTIME|tribunnews.com|4.852
2021-12-21T18:24:08.771+05:00,imdb.com
2021-12-21T18:24:13.415+05:00,LOADTIME|imdb.com|4.644
2021-12-21T18:24:17.453+05:00,etsy.com
2021-12-21T18:24:19.412+05:00,LOADTIME|etsy.com|1.959
2021-12-21T18:24:23.446+05:00,so.com
2021-12-21T18:24:34.167+05:00,LOADTIME|so.com|10.721
2021-12-21T18:24:38.187+05:00,freepik.com
2021-12-21T18:24:44.032+05:00,LOADTIME|freepik.com|5.845
2021-12-21T18:24:48.064+05:00,google.co.jp
2021-12-21T18:24:49.632+05:00,LOADTIME|google.co.jp|1.568
2021-12-21T18:24:53.648+05:00,google.cn
2021-12-21T18:24:54.884+05:00,LOADTIME|google.cn|1.236
2021-12-21T18:24:58.904+05:00,gome.com.cn
2021-12-21T18:25:11.408+05:00,LOADTIME|gome.com.cn|12.504
2021-12-21T18:25:15.431+05:00,livejasmin.com
2021-12-21T18:25:55.430+05:00,TIMEOUT|livejasmin.com|39.999
2021-12-21T18:26:14.224+05:00,medium.com
2021-12-21T18:26:34.213+05:00,LOADTIME|medium.com|19.989
2021-12-21T18:26:38.235+05:00,spotify.com
2021-12-21T18:26:42.390+05:00,LOADTIME|spotify.com|4.155
2021-12-21T18:26:46.546+05:00,google.de
2021-12-21T18:26:48.011+05:00,LOADTIME|google.de|1.465
2021-12-21T18:26:52.028+05:00,pornhub.com
2021-12-21T18:26:52.707+05:00,TIMEOUT|pornhub.com|0.679
2021-12-21T18:26:56.743+05:00,cnblogs.com
2021-12-21T18:27:07.519+05:00,LOADTIME|cnblogs.com|10.776
2021-12-21T18:27:11.559+05:00,6.cn
2021-12-21T18:27:29.457+05:00,LOADTIME|6.cn|17.898
2021-12-21T18:27:33.481+05:00,fandom.com
2021-12-21T18:27:36.384+05:00,LOADTIME|fandom.com|2.903
2021-12-21T18:27:40.427+05:00,booking.com
2021-12-21T18:27:43.798+05:00,LOADTIME|booking.com|3.371
2021-12-21T18:27:47.845+05:00,163.com
2021-12-21T18:28:47.860+05:00,TIMEOUT|163.com|60.015
2021-12-21T18:28:51.894+05:00,ilovepdf.com
2021-12-21T18:28:52.751+05:00,LOADTIME|ilovepdf.com|0.857
2021-12-21T18:28:56.766+05:00,google.fr
2021-12-21T18:28:58.489+05:00,LOADTIME|google.fr|1.723
2021-12-21T18:29:02.512+05:00,aliyun.com
2021-12-21T18:29:11.312+05:00,LOADTIME|aliyun.com|8.8
2021-12-21T18:29:15.354+05:00,udemy.com
2021-12-21T18:29:18.448+05:00,LOADTIME|udemy.com|3.094
2021-12-21T18:29:22.489+05:00,telegram.org
2021-12-21T18:30:22.502+05:00,TIMEOUT|telegram.org|60.013
2021-12-21T18:30:26.522+05:00,paypal.com
2021-12-21T18:30:30.454+05:00,LOADTIME|paypal.com|3.932
2021-12-21T18:30:34.489+05:00,github.com
2021-12-21T18:30:36.222+05:00,LOADTIME|github.com|1.733
2021-12-21T18:30:40.928+05:00,wetransfer.com
2021-12-21T18:30:43.175+05:00,LOADTIME|wetransfer.com|2.247
2021-12-21T18:30:47.194+05:00,zillow.com
2021-12-21T18:30:49.962+05:00,LOADTIME|zillow.com|2.768
2021-12-21T18:30:54.020+05:00,amazon.co.uk
2021-12-21T18:30:58.649+05:00,LOADTIME|amazon.co.uk|4.629
2021-12-21T18:31:02.683+05:00,xvideos.com
2021-12-21T18:31:03.553+05:00,TIMEOUT|xvideos.com|0.87
2021-12-21T18:31:07.675+05:00,imgur.com
2021-12-21T18:31:19.741+05:00,LOADTIME|imgur.com|12.066
2021-12-21T18:31:23.963+05:00,walmart.com
2021-12-21T18:31:31.708+05:00,LOADTIME|walmart.com|7.745
2021-12-21T18:31:35.749+05:00,rednet.cn
2021-12-21T18:32:12.037+05:00,TIMEOUT|rednet.cn|36.288
2021-12-21T18:32:47.996+05:00,grammarly.com
2021-12-21T18:32:53.378+05:00,LOADTIME|grammarly.com|5.382
2021-12-21T18:32:57.400+05:00,google.it
2021-12-21T18:32:59.032+05:00,LOADTIME|google.it|1.632
2021-12-21T18:33:03.057+05:00,savefrom.net
2021-12-21T18:33:05.378+05:00,LOADTIME|savefrom.net|2.321
2021-12-21T18:33:09.418+05:00,pikiran-rakyat.com
2021-12-21T18:33:13.088+05:00,LOADTIME|pikiran-rakyat.com|3.67
2021-12-21T18:33:17.253+05:00,bbc.com
2021-12-21T18:33:23.754+05:00,LOADTIME|bbc.com|6.501
2021-12-21T18:33:27.815+05:00,stackoverflow.com
2021-12-21T18:33:29.311+05:00,LOADTIME|stackoverflow.com|1.496
2021-12-21T18:33:33.336+05:00,intuit.com
2021-12-21T18:33:41.848+05:00,LOADTIME|intuit.com|8.512
2021-12-21T18:33:45.904+05:00,hao123.com
2021-12-21T18:34:14.254+05:00,LOADTIME|hao123.com|28.35
2021-12-21T18:34:18.282+05:00,espn.com
2021-12-21T18:34:30.178+05:00,LOADTIME|espn.com|11.896
2021-12-21T18:34:34.267+05:00,tumblr.com
2021-12-21T18:34:37.141+05:00,LOADTIME|tumblr.com|2.874
2021-12-21T18:34:41.165+05:00,cnn.com
2021-12-21T18:34:50.713+05:00,LOADTIME|cnn.com|9.548
2021-12-21T18:34:55.058+05:00,nytimes.com
2021-12-21T18:35:55.074+05:00,TIMEOUT|nytimes.com|60.016
2021-12-21T18:35:59.175+05:00,xhamster.com
2021-12-21T18:36:33.292+05:00,TIMEOUT|xhamster.com|34.117
2021-12-21T18:36:53.326+05:00,detik.com
2021-12-21T18:37:05.371+05:00,LOADTIME|detik.com|12.045
2021-12-21T18:37:09.451+05:00,ettoday.net
2021-12-21T18:37:23.418+05:00,LOADTIME|ettoday.net|13.967
2021-12-21T18:37:27.611+05:00,shutterstock.com
2021-12-21T18:37:31.593+05:00,LOADTIME|shutterstock.com|3.982
2021-12-21T18:37:35.704+05:00,roblox.com
2021-12-21T18:37:40.191+05:00,LOADTIME|roblox.com|4.487
2021-12-21T18:37:44.233+05:00,google.ru
2021-12-21T18:37:46.140+05:00,LOADTIME|google.ru|1.907
2021-12-21T18:37:50.157+05:00,vimeo.com
2021-12-21T18:37:51.606+05:00,LOADTIME|vimeo.com|1.449
2021-12-21T18:37:55.647+05:00,tokopedia.com
2021-12-21T18:37:59.141+05:00,LOADTIME|tokopedia.com|3.494
2021-12-21T18:38:03.189+05:00,office365.com
2021-12-21T18:38:09.859+05:00,LOADTIME|office365.com|6.67
2021-12-21T18:38:13.897+05:00,daum.net
2021-12-21T18:38:20.937+05:00,LOADTIME|daum.net|7.04
2021-12-21T18:38:24.964+05:00,kumparan.com
2021-12-21T18:38:31.453+05:00,LOADTIME|kumparan.com|6.489
2021-12-21T18:38:35.520+05:00,google.es
2021-12-21T18:38:37.294+05:00,LOADTIME|google.es|1.774
2021-12-21T18:38:41.316+05:00,primevideo.com
2021-12-21T18:38:44.252+05:00,LOADTIME|primevideo.com|2.936
2021-12-21T18:38:48.273+05:00,godaddy.com
2021-12-21T18:38:54.618+05:00,LOADTIME|godaddy.com|6.345
2021-12-21T18:38:58.643+05:00,smallpdf.com
2021-12-21T18:39:01.983+05:00,LOADTIME|smallpdf.com|3.34
2021-12-21T18:39:06.089+05:00,deepl.com
2021-12-21T18:39:10.512+05:00,LOADTIME|deepl.com|4.423
2021-12-21T18:39:14.531+05:00,jiameng.com
2021-12-21T18:39:14.960+05:00,TIMEOUT|jiameng.com|0.429
2021-12-21T18:39:18.997+05:00,instructure.com
2021-12-21T18:39:22.351+05:00,LOADTIME|instructure.com|3.354
2021-12-21T18:39:26.397+05:00,google.com.sg
2021-12-21T18:39:28.140+05:00,LOADTIME|google.com.sg|1.743
2021-12-21T18:39:32.158+05:00,pinterest.com
2021-12-21T18:39:42.076+05:00,LOADTIME|pinterest.com|9.918
2021-12-21T18:39:46.108+05:00,zerodha.com
2021-12-21T18:39:47.124+05:00,LOADTIME|zerodha.com|1.016
2021-12-21T18:39:51.143+05:00,indiatimes.com
2021-12-21T18:39:52.314+05:00,TIMEOUT|indiatimes.com|1.171
2021-12-21T18:39:56.350+05:00,bilibili.com
2021-12-21T18:40:07.107+05:00,LOADTIME|bilibili.com|10.757
2021-12-21T18:40:11.133+05:00,varzesh3.com
2021-12-21T18:40:19.114+05:00,LOADTIME|varzesh3.com|7.981
2021-12-21T18:40:23.144+05:00,pixnet.net
2021-12-21T18:40:43.833+05:00,LOADTIME|pixnet.net|20.689
2021-12-21T18:40:47.904+05:00,soundcloud.com
2021-12-21T18:40:51.310+05:00,LOADTIME|soundcloud.com|3.406
2021-12-21T18:40:55.337+05:00,nih.gov
2021-12-21T18:41:00.470+05:00,LOADTIME|nih.gov|5.133
2021-12-21T18:41:04.487+05:00,wellsfargo.com
2021-12-21T18:41:35.479+05:00,LOADTIME|wellsfargo.com|30.992
2021-12-21T18:41:39.503+05:00,wix.com
2021-12-21T18:41:45.860+05:00,LOADTIME|wix.com|6.357
2021-12-21T18:41:49.900+05:00,speedtest.net
2021-12-21T18:41:55.192+05:00,LOADTIME|speedtest.net|5.292
2021-12-21T18:41:59.256+05:00,calendly.com
2021-12-21T18:42:00.722+05:00,LOADTIME|calendly.com|1.466
2021-12-21T18:42:04.838+05:00,healthline.com
2021-12-21T18:42:11.362+05:00,LOADTIME|healthline.com|6.524
2021-12-21T18:42:15.391+05:00,unsplash.com
2021-12-21T18:42:18.292+05:00,LOADTIME|unsplash.com|2.901
2021-12-21T18:42:22.318+05:00,americanexpress.com
2021-12-21T18:42:31.120+05:00,LOADTIME|americanexpress.com|8.802
2021-12-21T18:42:35.235+05:00,ups.com
2021-12-21T18:42:43.582+05:00,LOADTIME|ups.com|8.347
2021-12-21T18:42:47.662+05:00,amazon.de
2021-12-21T18:42:51.277+05:00,LOADTIME|amazon.de|3.615
2021-12-21T18:42:55.309+05:00,tistory.com
2021-12-21T18:43:02.753+05:00,LOADTIME|tistory.com|7.444
2021-12-21T18:43:06.780+05:00,digikala.com
2021-12-21T18:43:26.083+05:00,LOADTIME|digikala.com|19.303
2021-12-21T18:43:30.119+05:00,google.com.tw
2021-12-21T18:43:31.691+05:00,LOADTIME|google.com.tw|1.572
2021-12-21T18:43:35.710+05:00,zhihu.com
2021-12-21T18:43:42.720+05:00,LOADTIME|zhihu.com|7.01
2021-12-21T18:43:46.801+05:00,t.me
2021-12-21T18:43:51.574+05:00,LOADTIME|t.me|4.773
2021-12-21T18:43:55.597+05:00,grid.id
2021-12-21T18:44:17.990+05:00,LOADTIME|grid.id|22.393
2021-12-21T18:44:22.205+05:00,ltn.com.tw
2021-12-21T18:44:39.038+05:00,LOADTIME|ltn.com.tw|16.833
2021-12-21T18:44:43.098+05:00,disneyplus.com
2021-12-21T18:44:47.886+05:00,LOADTIME|disneyplus.com|4.788
2021-12-21T18:44:51.923+05:00,amazon.ca
2021-12-21T18:44:55.878+05:00,LOADTIME|amazon.ca|3.955
2021-12-21T18:44:59.911+05:00,fedex.com
2021-12-21T18:45:09.334+05:00,LOADTIME|fedex.com|9.423
2021-12-21T18:45:13.359+05:00,bbc.co.uk
2021-12-21T18:45:25.430+05:00,LOADTIME|bbc.co.uk|12.071
2021-12-21T18:45:29.484+05:00,momoshop.com.tw
2021-12-21T18:45:34.493+05:00,LOADTIME|momoshop.com.tw|5.009
2021-12-21T18:45:51.635+05:00,51.la
2021-12-21T18:46:36.638+05:00,LOADTIME|51.la|45.003
2021-12-21T18:47:11.727+05:00,cnzz.com
2021-12-21T18:47:39.638+05:00,LOADTIME|cnzz.com|27.911
2021-12-21T18:47:43.864+05:00,ebay.de
2021-12-21T18:47:48.049+05:00,LOADTIME|ebay.de|4.185
2021-12-21T18:47:52.093+05:00,w3schools.com
2021-12-21T18:47:56.530+05:00,LOADTIME|w3schools.com|4.437
2021-12-21T18:48:00.554+05:00,google.co.uk
2021-12-21T18:48:02.274+05:00,LOADTIME|google.co.uk|1.72
2021-12-21T18:48:06.297+05:00,craigslist.org
2021-12-21T18:48:16.118+05:00,LOADTIME|craigslist.org|9.821
2021-12-21T18:48:20.137+05:00,mediafire.com
2021-12-21T18:48:24.872+05:00,LOADTIME|mediafire.com|4.735
2021-12-21T18:48:28.916+05:00,envato.com
2021-12-21T18:48:30.630+05:00,LOADTIME|envato.com|1.714
2021-12-21T18:48:34.649+05:00,padlet.com
2021-12-21T18:48:36.112+05:00,LOADTIME|padlet.com|1.463
2021-12-21T18:48:40.132+05:00,forbes.com
2021-12-21T18:48:42.385+05:00,LOADTIME|forbes.com|2.253
2021-12-21T18:48:46.465+05:00,avito.ru
2021-12-21T18:48:53.949+05:00,LOADTIME|avito.ru|7.484
2021-12-21T18:48:58.006+05:00,suara.com
2021-12-21T18:49:00.563+05:00,LOADTIME|suara.com|2.557
2021-12-21T18:49:04.681+05:00,investing.com
2021-12-21T18:49:41.045+05:00,LOADTIME|investing.com|36.364
2021-12-21T18:49:45.305+05:00,bestbuy.com
2021-12-21T18:49:47.011+05:00,LOADTIME|bestbuy.com|1.706
2021-12-21T18:49:51.032+05:00,researchgate.net
2021-12-21T18:49:54.225+05:00,LOADTIME|researchgate.net|3.193
2021-12-21T18:49:58.247+05:00,uol.com.br
2021-12-21T18:50:14.573+05:00,LOADTIME|uol.com.br|16.326
2021-12-21T18:50:18.745+05:00,homedepot.com
2021-12-21T18:50:19.586+05:00,LOADTIME|homedepot.com|0.841
2021-12-21T18:50:23.601+05:00,google.com.mx
2021-12-21T18:50:25.301+05:00,LOADTIME|google.com.mx|1.7
2021-12-21T18:50:29.319+05:00,onlinesbi.com
2021-12-21T18:50:33.222+05:00,LOADTIME|onlinesbi.com|3.903
2021-12-21T18:50:37.254+05:00,usps.com
2021-12-21T18:50:46.546+05:00,LOADTIME|usps.com|9.292
2021-12-21T18:50:50.588+05:00,skype.com
2021-12-21T18:50:55.090+05:00,LOADTIME|skype.com|4.502
2021-12-21T18:50:59.112+05:00,airbnb.com
2021-12-21T18:51:02.612+05:00,LOADTIME|airbnb.com|3.5
2021-12-21T18:51:06.645+05:00,trendyol.com
2021-12-21T18:51:12.662+05:00,LOADTIME|trendyol.com|6.017
2021-12-21T18:51:16.700+05:00,telewebion.com
2021-12-21T18:51:20.458+05:00,LOADTIME|telewebion.com|3.758
2021-12-21T18:51:24.481+05:00,mozilla.org
2021-12-21T18:51:27.706+05:00,LOADTIME|mozilla.org|3.225
2021-12-21T18:51:31.722+05:00,archive.org
2021-12-21T18:51:36.025+05:00,LOADTIME|archive.org|4.303
2021-12-21T18:51:40.041+05:00,cowin.gov.in
2021-12-21T18:51:41.813+05:00,LOADTIME|cowin.gov.in|1.772
2021-12-21T18:51:45.829+05:00,cnet.com
2021-12-21T18:51:58.096+05:00,LOADTIME|cnet.com|12.267
2021-12-21T18:52:02.220+05:00,google.ca
2021-12-21T18:52:03.962+05:00,LOADTIME|google.ca|1.742
2021-12-21T18:52:07.979+05:00,hdfcbank.com
2021-12-21T18:52:09.355+05:00,LOADTIME|hdfcbank.com|1.376
2021-12-21T18:52:13.384+05:00,google.com.tr
2021-12-21T18:52:15.223+05:00,LOADTIME|google.com.tr|1.839
2021-12-21T18:52:19.238+05:00,capitalone.com
2021-12-21T18:52:26.193+05:00,LOADTIME|capitalone.com|6.955
2021-12-21T18:52:30.266+05:00,sogou.com
2021-12-21T18:52:31.825+05:00,TIMEOUT|sogou.com|1.559
2021-12-21T18:52:35.864+05:00,kakao.com
2021-12-21T18:52:45.050+05:00,LOADTIME|kakao.com|9.186
2021-12-21T18:52:49.073+05:00,box.com
2021-12-21T18:52:55.380+05:00,LOADTIME|box.com|6.307
2021-12-21T18:52:59.418+05:00,yelp.com
2021-12-21T18:53:04.490+05:00,LOADTIME|yelp.com|5.072
2021-12-21T18:53:08.526+05:00,slideshare.net
2021-12-21T18:53:11.338+05:00,LOADTIME|slideshare.net|2.812
2021-12-21T18:53:15.359+05:00,fidelity.com
2021-12-21T18:53:19.824+05:00,LOADTIME|fidelity.com|4.465
2021-12-21T18:53:23.868+05:00,youm7.com
2021-12-21T18:54:23.887+05:00,TIMEOUT|youm7.com|60.019
2021-12-21T18:54:27.997+05:00,cnbc.com
2021-12-21T18:54:33.205+05:00,LOADTIME|cnbc.com|5.208
2021-12-21T18:54:37.237+05:00,remove.bg
2021-12-21T18:54:40.827+05:00,LOADTIME|remove.bg|3.59
2021-12-21T18:54:44.847+05:00,hulu.com
2021-12-21T18:54:45.740+05:00,TIMEOUT|hulu.com|0.893
2021-12-21T18:54:49.780+05:00,behance.net
2021-12-21T18:54:51.646+05:00,LOADTIME|behance.net|1.866
2021-12-21T18:54:57.014+05:00,lazada.sg
2021-12-21T18:55:05.079+05:00,LOADTIME|lazada.sg|8.065
2021-12-21T18:55:09.131+05:00,ca.gov
2021-12-21T18:55:13.768+05:00,LOADTIME|ca.gov|4.637
2021-12-21T18:55:17.819+05:00,theguardian.com
2021-12-21T18:55:20.621+05:00,LOADTIME|theguardian.com|2.802
2021-12-21T18:55:24.645+05:00,stackexchange.com
2021-12-21T18:55:26.786+05:00,LOADTIME|stackexchange.com|2.141
2021-12-21T18:55:30.806+05:00,soso.com
2021-12-21T18:55:33.217+05:00,TIMEOUT|soso.com|2.411
2021-12-21T18:55:37.252+05:00,realtor.com
2021-12-21T18:55:46.011+05:00,LOADTIME|realtor.com|8.759
2021-12-21T18:55:50.165+05:00,manoramaonline.com
2021-12-21T18:55:58.789+05:00,LOADTIME|manoramaonline.com|8.624
2021-12-21T18:56:02.857+05:00,chess.com
2021-12-21T18:56:04.194+05:00,LOADTIME|chess.com|1.337
2021-12-21T18:56:08.216+05:00,washingtonpost.com
2021-12-21T18:56:16.915+05:00,LOADTIME|washingtonpost.com|8.699
2021-12-21T18:56:20.984+05:00,crunchbase.com
2021-12-21T18:56:28.657+05:00,LOADTIME|crunchbase.com|7.673
2021-12-21T18:56:32.711+05:00,metropoles.com
2021-12-21T18:56:40.375+05:00,LOADTIME|metropoles.com|7.664
2021-12-21T18:56:44.447+05:00,fiverr.com
2021-12-21T18:56:49.273+05:00,LOADTIME|fiverr.com|4.826
2021-12-21T18:56:53.369+05:00,bluehost.com
2021-12-21T18:56:59.745+05:00,LOADTIME|bluehost.com|6.376
2021-12-21T18:57:03.839+05:00,bet9ja.com
2021-12-21T18:57:25.046+05:00,LOADTIME|bet9ja.com|21.207
2021-12-21T18:57:29.068+05:00,duckduckgo.com
2021-12-21T18:57:35.195+05:00,LOADTIME|duckduckgo.com|6.127
2021-12-21T18:57:39.212+05:00,manage.wix.com
2021-12-21T18:57:46.570+05:00,LOADTIME|manage.wix.com|7.358
2021-12-21T18:57:50.625+05:00,payoneer.com
2021-12-21T18:57:58.347+05:00,LOADTIME|payoneer.com|7.722
2021-12-21T18:58:02.388+05:00,allegro.pl
2021-12-21T18:58:05.663+05:00,LOADTIME|allegro.pl|3.275
2021-12-21T18:58:09.690+05:00,xnxx.com
2021-12-21T18:58:10.633+05:00,TIMEOUT|xnxx.com|0.943
2021-12-21T18:58:14.675+05:00,360.com
2021-12-21T18:58:28.912+05:00,LOADTIME|360.com|14.237
2021-12-21T18:58:32.936+05:00,flipkart.com
2021-12-21T18:58:41.661+05:00,LOADTIME|flipkart.com|8.725
2021-12-21T18:58:45.686+05:00,coursera.org
2021-12-21T18:58:53.723+05:00,LOADTIME|coursera.org|8.037
2021-12-21T18:58:57.776+05:00,gosuslugi.ru
2021-12-21T18:59:05.422+05:00,LOADTIME|gosuslugi.ru|7.646
2021-12-21T18:59:09.444+05:00,liputan6.com
2021-12-21T18:59:23.405+05:00,LOADTIME|liputan6.com|13.961
2021-12-21T18:59:27.499+05:00,tudou.com
2021-12-21T18:59:43.258+05:00,LOADTIME|tudou.com|15.759
2021-12-21T18:59:47.285+05:00,proiezionidiborsa.it
2021-12-21T18:59:57.294+05:00,LOADTIME|proiezionidiborsa.it|10.009
2021-12-21T19:00:01.316+05:00,atlassian.com
2021-12-21T19:00:05.673+05:00,LOADTIME|atlassian.com|4.357
2021-12-21T19:00:09.704+05:00,moneycontrol.com
2021-12-21T19:00:14.048+05:00,LOADTIME|moneycontrol.com|4.344
2021-12-21T19:00:18.084+05:00,chouftv.ma
2021-12-21T19:00:22.777+05:00,LOADTIME|chouftv.ma|4.693
2021-12-21T19:00:26.857+05:00,istockphoto.com
2021-12-21T19:00:29.895+05:00,LOADTIME|istockphoto.com|3.038
2021-12-21T19:00:33.934+05:00,ikea.com
2021-12-21T19:00:36.915+05:00,LOADTIME|ikea.com|2.981
2021-12-21T19:00:40.949+05:00,target.com
2021-12-21T19:00:49.918+05:00,LOADTIME|target.com|8.969
2021-12-21T19:00:53.967+05:00,weather.com
2021-12-21T19:00:59.891+05:00,LOADTIME|weather.com|5.924
2021-12-21T19:01:04.017+05:00,amazon.it
2021-12-21T19:01:08.526+05:00,LOADTIME|amazon.it|4.509
2021-12-21T19:01:12.574+05:00,bet365.com
2021-12-21T19:01:46.961+05:00,TIMEOUT|bet365.com|34.387
2021-12-21T19:01:50.999+05:00,taboola.com
2021-12-21T19:01:53.297+05:00,LOADTIME|taboola.com|2.298
2021-12-21T19:01:57.339+05:00,setn.com
2021-12-21T19:02:08.068+05:00,LOADTIME|setn.com|10.729
2021-12-21T19:02:12.210+05:00,blogger.com
2021-12-21T19:02:15.749+05:00,LOADTIME|blogger.com|3.539
2021-12-21T19:02:19.766+05:00,hotstar.com
2021-12-21T19:02:21.589+05:00,LOADTIME|hotstar.com|1.823
2021-12-21T19:02:25.614+05:00,basecamp.com
2021-12-21T19:02:27.698+05:00,LOADTIME|basecamp.com|2.084
2021-12-21T19:02:31.715+05:00,mercadolibre.com.mx
2021-12-21T19:02:38.479+05:00,LOADTIME|mercadolibre.com.mx|6.764
2021-12-21T19:02:42.534+05:00,reverso.net
2021-12-21T19:02:45.445+05:00,LOADTIME|reverso.net|2.911
2021-12-21T19:02:49.478+05:00,tripadvisor.com
2021-12-21T19:02:56.859+05:00,LOADTIME|tripadvisor.com|7.381
2021-12-21T19:03:00.934+05:00,investopedia.com
2021-12-21T19:03:04.142+05:00,LOADTIME|investopedia.com|3.208
2021-12-21T19:03:08.197+05:00,documentforce.com
2021-12-21T19:03:18.788+05:00,LOADTIME|documentforce.com|10.591
2021-12-21T19:03:22.832+05:00,coupang.com
2021-12-21T19:03:35.661+05:00,LOADTIME|coupang.com|12.829
2021-12-21T19:03:39.688+05:00,wildberries.ru
2021-12-21T19:03:48.853+05:00,LOADTIME|wildberries.ru|9.165
2021-12-21T19:03:52.876+05:00,in.gr
2021-12-21T19:03:58.078+05:00,LOADTIME|in.gr|5.202
2021-12-21T19:04:02.100+05:00,sindonews.com
2021-12-21T19:04:08.731+05:00,LOADTIME|sindonews.com|6.631
2021-12-21T19:04:12.844+05:00,merdeka.com
2021-12-21T19:04:18.287+05:00,LOADTIME|merdeka.com|5.443
2021-12-21T19:04:22.375+05:00,google.co.th
2021-12-21T19:04:23.949+05:00,LOADTIME|google.co.th|1.574
2021-12-21T19:04:27.965+05:00,wikihow.com
2021-12-21T19:04:29.883+05:00,LOADTIME|wikihow.com|1.918
2021-12-21T19:04:33.912+05:00,cloudfront.net
2021-12-21T19:04:34.234+05:00,TIMEOUT|cloudfront.net|0.322
2021-12-21T19:04:38.272+05:00,hp.com
2021-12-21T19:04:48.627+05:00,LOADTIME|hp.com|10.355
2021-12-21T19:04:52.675+05:00,japanpost.jp
2021-12-21T19:04:52.871+05:00,TIMEOUT|japanpost.jp|0.196
2021-12-21T19:04:56.914+05:00,icicibank.com
2021-12-21T19:05:56.933+05:00,TIMEOUT|icicibank.com|60.019
2021-12-21T19:06:00.985+05:00,foxnews.com
2021-12-21T19:06:14.306+05:00,LOADTIME|foxnews.com|13.321
2021-12-21T19:06:18.473+05:00,amazon.fr
2021-12-21T19:06:23.257+05:00,LOADTIME|amazon.fr|4.784
2021-12-21T19:06:27.307+05:00,bankofamerica.com
2021-12-21T19:06:43.259+05:00,LOADTIME|bankofamerica.com|15.952
2021-12-21T19:06:47.280+05:00,cnnic.cn
2021-12-21T19:07:25.697+05:00,LOADTIME|cnnic.cn|38.417
2021-12-21T19:07:29.716+05:00,google.com.eg
2021-12-21T19:07:31.502+05:00,LOADTIME|google.com.eg|1.786
2021-12-21T19:07:35.524+05:00,irs.gov
2021-12-21T19:07:39.926+05:00,LOADTIME|irs.gov|4.402
2021-12-21T19:07:43.961+05:00,sonhoo.com
2021-12-21T19:07:54.064+05:00,TIMEOUT|sonhoo.com|10.103
2021-12-21T19:07:58.103+05:00,glassdoor.com
2021-12-21T19:08:06.685+05:00,LOADTIME|glassdoor.com|8.582
2021-12-21T19:08:10.798+05:00,secureserver.net
2021-12-21T19:08:17.262+05:00,LOADTIME|secureserver.net|6.464
2021-12-21T19:08:21.285+05:00,redd.it
2021-12-21T19:08:27.169+05:00,LOADTIME|redd.it|5.884
2021-12-21T19:08:31.206+05:00,geeksforgeeks.org
2021-12-21T19:08:36.554+05:00,LOADTIME|geeksforgeeks.org|5.348
2021-12-21T19:08:40.574+05:00,mercari.com
2021-12-21T19:08:52.398+05:00,LOADTIME|mercari.com|11.824
2021-12-21T19:08:56.458+05:00,thesaurus.com
2021-12-21T19:09:05.792+05:00,LOADTIME|thesaurus.com|9.334
2021-12-21T19:09:09.923+05:00,gismeteo.ru
2021-12-21T19:09:15.237+05:00,LOADTIME|gismeteo.ru|5.314
2021-12-21T19:09:19.258+05:00,y2mate.com
2021-12-21T19:09:22.843+05:00,LOADTIME|y2mate.com|3.585
2021-12-21T19:09:26.866+05:00,google.com.sa
2021-12-21T19:09:28.633+05:00,LOADTIME|google.com.sa|1.767
2021-12-21T19:09:32.650+05:00,etoro.com
2021-12-21T19:10:07.980+05:00,TIMEOUT|etoro.com|35.33
2021-12-21T19:10:28.018+05:00,samsung.com
2021-12-21T19:10:34.068+05:00,LOADTIME|samsung.com|6.05
2021-12-21T19:10:38.105+05:00,amazon.com.mx
2021-12-21T19:10:41.974+05:00,LOADTIME|amazon.com.mx|3.869
2021-12-21T19:10:46.003+05:00,sberbank.ru
2021-12-21T19:10:55.244+05:00,LOADTIME|sberbank.ru|9.241
2021-12-21T19:10:59.290+05:00,trello.com
2021-12-21T19:11:07.128+05:00,LOADTIME|trello.com|7.838
2021-12-21T19:11:11.154+05:00,google.com.ar
2021-12-21T19:11:12.928+05:00,LOADTIME|google.com.ar|1.774
2021-12-21T19:11:16.953+05:00,namu.wiki
2021-12-21T19:11:22.100+05:00,LOADTIME|namu.wiki|5.147
2021-12-21T19:11:26.157+05:00,iyiou.com
2021-12-21T19:12:12.898+05:00,LOADTIME|iyiou.com|46.741
2021-12-21T19:12:16.922+05:00,sahibinden.com
2021-12-21T19:12:23.439+05:00,LOADTIME|sahibinden.com|6.517
2021-12-21T19:12:27.483+05:00,wayfair.com
2021-12-21T19:12:42.734+05:00,LOADTIME|wayfair.com|15.251
2021-12-21T19:12:46.824+05:00,binance.com
2021-12-21T19:12:51.734+05:00,LOADTIME|binance.com|4.91
2021-12-21T19:12:55.767+05:00,globo.com
2021-12-21T19:13:09.509+05:00,LOADTIME|globo.com|13.742
2021-12-21T19:13:13.581+05:00,crowdworks.jp
2021-12-21T19:13:23.596+05:00,LOADTIME|crowdworks.jp|10.015
2021-12-21T19:13:27.646+05:00,flaticon.com
2021-12-21T19:14:27.666+05:00,TIMEOUT|flaticon.com|60.02
2021-12-21T19:14:31.698+05:00,wsj.com
2021-12-21T19:14:51.405+05:00,LOADTIME|wsj.com|19.707
2021-12-21T19:14:55.524+05:00,ameritrade.com
2021-12-21T19:14:57.428+05:00,TIMEOUT|ameritrade.com|1.904
2021-12-21T19:15:01.471+05:00,adp.com
2021-12-21T19:15:10.141+05:00,LOADTIME|adp.com|8.67
2021-12-21T19:15:14.200+05:00,gmw.cn
2021-12-21T19:15:25.371+05:00,LOADTIME|gmw.cn|11.171
2021-12-21T19:15:29.399+05:00,shaparak.ir
2021-12-21T19:16:03.551+05:00,TIMEOUT|shaparak.ir|34.152
2021-12-21T19:16:23.589+05:00,marketwatch.com
2021-12-21T19:16:37.743+05:00,LOADTIME|marketwatch.com|14.154
2021-12-21T19:16:41.894+05:00,docusign.net
2021-12-21T19:16:50.418+05:00,LOADTIME|docusign.net|8.524
2021-12-21T19:16:54.440+05:00,zendesk.com
2021-12-21T19:17:01.564+05:00,LOADTIME|zendesk.com|7.124
2021-12-21T19:17:05.605+05:00,bukalapak.com
2021-12-21T19:17:12.531+05:00,LOADTIME|bukalapak.com|6.926
2021-12-21T19:17:16.748+05:00,dailymotion.com
2021-12-21T19:17:24.660+05:00,LOADTIME|dailymotion.com|7.912
2021-12-21T19:17:28.715+05:00,coinmarketcap.com
2021-12-21T19:17:30.629+05:00,LOADTIME|coinmarketcap.com|1.914
2021-12-21T19:17:34.648+05:00,aol.com
2021-12-21T19:17:43.961+05:00,LOADTIME|aol.com|9.313
2021-12-21T19:17:48.159+05:00,scribd.com
2021-12-21T19:17:52.287+05:00,LOADTIME|scribd.com|4.128
2021-12-21T19:17:56.310+05:00,zol.com.cn
2021-12-21T19:18:19.427+05:00,LOADTIME|zol.com.cn|23.117
2021-12-21T19:18:23.451+05:00,dailymail.co.uk
2021-12-21T19:18:51.390+05:00,LOADTIME|dailymail.co.uk|27.939
2021-12-21T19:18:55.579+05:00,namnak.com
2021-12-21T19:18:59.376+05:00,LOADTIME|namnak.com|3.797
2021-12-21T19:19:03.394+05:00,hootsuite.com
2021-12-21T19:19:43.150+05:00,LOADTIME|hootsuite.com|39.756
2021-12-21T19:19:47.315+05:00,ebay.co.uk
2021-12-21T19:19:52.684+05:00,LOADTIME|ebay.co.uk|5.369
2021-12-21T19:19:56.979+05:00,themeforest.net
2021-12-21T19:20:00.910+05:00,LOADTIME|themeforest.net|3.931
2021-12-21T19:20:04.953+05:00,aliexpress.ru
2021-12-21T19:20:18.204+05:00,LOADTIME|aliexpress.ru|13.251
2021-12-21T19:20:22.251+05:00,discord.com
2021-12-21T19:20:24.003+05:00,LOADTIME|discord.com|1.752
2021-12-21T19:20:28.024+05:00,shopee.tw
2021-12-21T19:20:30.176+05:00,LOADTIME|shopee.tw|2.152
2021-12-21T19:20:41.841+05:00,ndtv.com
2021-12-21T19:20:50.233+05:00,LOADTIME|ndtv.com|8.392
2021-12-21T19:20:54.434+05:00,goodreads.com
2021-12-21T19:20:58.685+05:00,LOADTIME|goodreads.com|4.251
2021-12-21T19:21:02.709+05:00,ladbible.com
2021-12-21T19:21:06.069+05:00,LOADTIME|ladbible.com|3.36
2021-12-21T19:21:10.129+05:00,donya-e-eqtesad.com
2021-12-21T19:21:17.992+05:00,LOADTIME|donya-e-eqtesad.com|7.863
2021-12-21T19:21:22.029+05:00,sq.cn
2021-12-21T19:21:23.660+05:00,TIMEOUT|sq.cn|1.631
2021-12-21T19:21:27.697+05:00,flickr.com
2021-12-21T19:21:35.735+05:00,LOADTIME|flickr.com|8.038
2021-12-21T19:21:39.755+05:00,t.co
2021-12-21T19:21:40.354+05:00,LOADTIME|t.co|0.599
2021-12-21T19:21:44.378+05:00,schwab.com
2021-12-21T19:21:52.483+05:00,LOADTIME|schwab.com|8.105
2021-12-21T19:21:56.531+05:00,sciencedirect.com
2021-12-21T19:21:57.974+05:00,LOADTIME|sciencedirect.com|1.443
2021-12-21T19:22:02.023+05:00,mailchimp.com
2021-12-21T19:22:10.752+05:00,LOADTIME|mailchimp.com|8.729
2021-12-21T19:22:14.804+05:00,wordpress.org
2021-12-21T19:22:17.918+05:00,LOADTIME|wordpress.org|3.114
2021-12-21T19:22:21.942+05:00,indiamart.com
2021-12-21T19:22:27.312+05:00,LOADTIME|indiamart.com|5.37
2021-12-21T19:22:31.361+05:00,greenhouse.io
2021-12-21T19:22:38.250+05:00,LOADTIME|greenhouse.io|6.889
2021-12-21T19:22:42.298+05:00,squarespace.com
2021-12-21T19:22:46.883+05:00,LOADTIME|squarespace.com|4.585
2021-12-21T19:22:51.245+05:00,orange.fr
2021-12-21T19:23:02.441+05:00,LOADTIME|orange.fr|11.196
2021-12-21T19:23:06.465+05:00,xfinity.com
2021-12-21T19:23:16.424+05:00,LOADTIME|xfinity.com|9.959
2021-12-21T19:23:20.503+05:00,51yes.com
2021-12-21T19:23:50.666+05:00,TIMEOUT|51yes.com|30.163
2021-12-21T19:24:03.712+05:00,naukri.com
2021-12-21T19:24:10.579+05:00,LOADTIME|naukri.com|6.867
2021-12-21T19:24:14.603+05:00,ozon.ru
2021-12-21T19:24:16.879+05:00,LOADTIME|ozon.ru|2.276
2021-12-21T19:24:20.909+05:00,google.co.kr
2021-12-21T19:24:22.689+05:00,LOADTIME|google.co.kr|1.78
2021-12-21T19:24:26.710+05:00,cj.com
2021-12-21T19:24:27.534+05:00,TIMEOUT|cj.com|0.824
2021-12-21T19:24:31.571+05:00,iqbroker.com
2021-12-21T19:24:34.020+05:00,LOADTIME|iqbroker.com|2.449
2021-12-21T19:24:38.044+05:00,ask.com
2021-12-21T19:25:38.066+05:00,TIMEOUT|ask.com|60.022
2021-12-21T19:25:42.247+05:00,blackboard.com
2021-12-21T19:25:45.053+05:00,LOADTIME|blackboard.com|2.806
2021-12-21T19:25:49.082+05:00,etrade.com
2021-12-21T19:26:06.126+05:00,LOADTIME|etrade.com|17.044
2021-12-21T19:26:10.153+05:00,gmx.net
2021-12-21T19:26:15.354+05:00,LOADTIME|gmx.net|5.201
2021-12-21T19:26:19.374+05:00,note.com
2021-12-21T19:26:24.919+05:00,LOADTIME|note.com|5.545
2021-12-21T19:26:28.938+05:00,mercadolivre.com.br
2021-12-21T19:26:34.479+05:00,LOADTIME|mercadolivre.com.br|5.541
2021-12-21T19:26:38.505+05:00,11st.co.kr
2021-12-21T19:26:51.300+05:00,LOADTIME|11st.co.kr|12.795
2021-12-21T19:26:55.332+05:00,google.co.id
2021-12-21T19:26:57.117+05:00,LOADTIME|google.co.id|1.785
2021-12-21T19:27:01.141+05:00,myworkdayjobs.com
2021-12-21T19:27:01.584+05:00,TIMEOUT|myworkdayjobs.com|0.443
2021-12-21T19:27:05.621+05:00,web.de
2021-12-21T19:27:09.045+05:00,LOADTIME|web.de|3.424
2021-12-21T19:27:13.065+05:00,dbs.com.sg
2021-12-21T19:27:23.803+05:00,LOADTIME|dbs.com.sg|10.738
2021-12-21T19:27:27.821+05:00,techcrunch.com
2021-12-21T19:27:45.255+05:00,LOADTIME|techcrunch.com|17.434
2021-12-21T19:27:49.379+05:00,pipedrive.com
2021-12-21T19:27:55.288+05:00,LOADTIME|pipedrive.com|5.909
2021-12-21T19:27:59.328+05:00,quizlet.com
2021-12-21T19:28:05.586+05:00,LOADTIME|quizlet.com|6.258
2021-12-21T19:28:09.641+05:00,jianshu.com
2021-12-21T19:28:35.977+05:00,LOADTIME|jianshu.com|26.336
2021-12-21T19:28:40.009+05:00,ai.marketing
2021-12-21T19:28:40.883+05:00,LOADTIME|ai.marketing|0.874
2021-12-21T19:28:44.903+05:00,shareasale.com
2021-12-21T19:28:48.397+05:00,LOADTIME|shareasale.com|3.494
2021-12-21T19:28:52.426+05:00,ibicn.com
2021-12-21T19:29:52.447+05:00,TIMEOUT|ibicn.com|60.021
2021-12-21T19:29:56.473+05:00,trustpilot.com
2021-12-21T19:30:00.603+05:00,LOADTIME|trustpilot.com|4.13
2021-12-21T19:30:04.635+05:00,citi.com
2021-12-21T19:30:15.802+05:00,LOADTIME|citi.com|11.167
2021-12-21T19:30:19.934+05:00,codepen.io
2021-12-21T19:30:23.466+05:00,LOADTIME|codepen.io|3.532
2021-12-21T19:30:27.488+05:00,wikimedia.org
2021-12-21T19:30:29.016+05:00,LOADTIME|wikimedia.org|1.528
2021-12-21T19:30:33.035+05:00,dell.com
2021-12-21T19:30:37.014+05:00,LOADTIME|dell.com|3.979
2021-12-21T19:30:41.079+05:00,chegg.com
2021-12-21T19:30:51.425+05:00,LOADTIME|chegg.com|10.346
2021-12-21T19:30:55.484+05:00,surveymonkey.com
2021-12-21T19:30:59.499+05:00,LOADTIME|surveymonkey.com|4.015
2021-12-21T19:31:03.541+05:00,macys.com
2021-12-21T19:31:07.337+05:00,LOADTIME|macys.com|3.796
2021-12-21T19:31:13.460+05:00,vnexpress.net
2021-12-21T19:31:34.131+05:00,LOADTIME|vnexpress.net|20.671
2021-12-21T19:31:38.311+05:00,academia.edu
2021-12-21T19:31:41.693+05:00,LOADTIME|academia.edu|3.382
2021-12-21T19:31:45.718+05:00,liansuo.com
2021-12-21T19:31:46.009+05:00,TIMEOUT|liansuo.com|0.291
2021-12-21T19:31:50.054+05:00,wise.com
2021-12-21T19:31:54.531+05:00,LOADTIME|wise.com|4.477
2021-12-21T19:31:58.574+05:00,alodokter.com
2021-12-21T19:32:06.278+05:00,LOADTIME|alodokter.com|7.704
2021-12-21T19:32:10.341+05:00,googlevideo.com
2021-12-21T19:32:11.848+05:00,LOADTIME|googlevideo.com|1.507
2021-12-21T19:32:15.872+05:00,rakuten.com
2021-12-21T19:32:20.917+05:00,LOADTIME|rakuten.com|5.045
2021-12-21T19:32:24.961+05:00,twimg.com
2021-12-21T19:32:25.139+05:00,TIMEOUT|twimg.com|0.178
2021-12-21T19:32:29.179+05:00,patch.com
2021-12-21T19:32:40.192+05:00,LOADTIME|patch.com|11.013
2021-12-21T19:32:44.223+05:00,google.pl
2021-12-21T19:32:46.223+05:00,LOADTIME|google.pl|2.0
2021-12-21T19:32:50.247+05:00,ameblo.jp
2021-12-21T19:32:54.846+05:00,LOADTIME|ameblo.jp|4.599
2021-12-21T19:32:58.866+05:00,weebly.com
2021-12-21T19:33:04.232+05:00,LOADTIME|weebly.com|5.366
2021-12-21T19:33:08.278+05:00,rambler.ru
2021-12-21T19:33:17.452+05:00,LOADTIME|rambler.ru|9.174
2021-12-21T19:33:21.690+05:00,feedly.com
2021-12-21T19:33:25.145+05:00,LOADTIME|feedly.com|3.455
2021-12-21T19:33:29.177+05:00,videocampaign.co
2021-12-21T19:33:31.203+05:00,LOADTIME|videocampaign.co|2.026
2021-12-21T19:33:35.221+05:00,gusuwang.com
2021-12-21T19:34:35.239+05:00,TIMEOUT|gusuwang.com|60.018
2021-12-21T19:34:39.260+05:00,shopee.com.my
2021-12-21T19:34:40.789+05:00,LOADTIME|shopee.com.my|1.529
2021-12-21T19:34:44.817+05:00,td.com
2021-12-21T19:34:53.753+05:00,LOADTIME|td.com|8.936
2021-12-21T19:34:57.789+05:00,360doc.com
2021-12-21T19:35:00.772+05:00,LOADTIME|360doc.com|2.983
2021-12-21T19:35:04.795+05:00,nike.com
2021-12-21T19:35:11.639+05:00,LOADTIME|nike.com|6.844
2021-12-21T19:35:15.709+05:00,mlb.com
2021-12-21T19:35:16.287+05:00,TIMEOUT|mlb.com|0.578
2021-12-21T19:35:20.327+05:00,idntimes.com
2021-12-21T19:35:29.934+05:00,LOADTIME|idntimes.com|9.607
2021-12-21T19:35:34.015+05:00,expedia.com
2021-12-21T19:35:50.863+05:00,LOADTIME|expedia.com|16.848
2021-12-21T19:35:54.990+05:00,ouedkniss.com
2021-12-21T19:35:57.757+05:00,LOADTIME|ouedkniss.com|2.767
2021-12-21T19:36:01.788+05:00,seekingalpha.com
2021-12-21T19:36:07.525+05:00,LOADTIME|seekingalpha.com|5.737
2021-12-21T19:36:11.604+05:00,worldometers.info
2021-12-21T19:36:17.129+05:00,LOADTIME|worldometers.info|5.525
2021-12-21T19:36:21.190+05:00,namasha.com
2021-12-21T19:36:37.397+05:00,LOADTIME|namasha.com|16.207
2021-12-21T19:36:41.422+05:00,patria.org.ve
2021-12-21T19:36:52.051+05:00,LOADTIME|patria.org.ve|10.629
2021-12-21T19:36:56.072+05:00,patreon.com
2021-12-21T19:37:08.315+05:00,LOADTIME|patreon.com|12.243
2021-12-21T19:37:12.346+05:00,constantcontact.com
2021-12-21T19:37:22.265+05:00,LOADTIME|constantcontact.com|9.919
2021-12-21T19:37:26.322+05:00,qualtrics.com
2021-12-21T19:37:37.254+05:00,LOADTIME|qualtrics.com|10.932
2021-12-21T19:37:41.371+05:00,reuters.com
2021-12-21T19:37:49.525+05:00,LOADTIME|reuters.com|8.154
2021-12-21T19:37:53.609+05:00,fc2.com
2021-12-21T19:38:00.048+05:00,LOADTIME|fc2.com|6.439
2021-12-21T19:38:04.069+05:00,lowes.com
2021-12-21T19:38:09.335+05:00,LOADTIME|lowes.com|5.266
2021-12-21T19:38:13.393+05:00,heavy.com
2021-12-21T19:38:14.853+05:00,LOADTIME|heavy.com|1.46
2021-12-21T19:38:18.875+05:00,costco.com
2021-12-21T19:38:20.278+05:00,LOADTIME|costco.com|1.403
2021-12-21T19:38:24.298+05:00,rt.com
2021-12-21T19:38:28.530+05:00,LOADTIME|rt.com|4.232
2021-12-21T19:38:32.563+05:00,ebay-kleinanzeigen.de
2021-12-21T19:38:34.912+05:00,LOADTIME|ebay-kleinanzeigen.de|2.349
2021-12-21T19:38:38.972+05:00,att.com
2021-12-21T19:38:43.838+05:00,LOADTIME|att.com|4.866
2021-12-21T19:38:48.127+05:00,smartsheet.com
2021-12-21T19:38:55.408+05:00,LOADTIME|smartsheet.com|7.281
2021-12-21T19:38:59.472+05:00,redfin.com
2021-12-21T19:39:05.161+05:00,LOADTIME|redfin.com|5.689
2021-12-21T19:39:09.185+05:00,wowhead.com
2021-12-21T19:39:23.542+05:00,LOADTIME|wowhead.com|14.357
2021-12-21T19:39:27.684+05:00,aa.com
2021-12-21T19:39:42.755+05:00,LOADTIME|aa.com|15.071
2021-12-21T19:39:46.822+05:00,canada.ca
2021-12-21T19:39:50.477+05:00,LOADTIME|canada.ca|3.655
2021-12-21T19:39:54.507+05:00,download-ready.com
2021-12-21T19:39:54.805+05:00,TIMEOUT|download-ready.com|0.298
2021-12-21T19:39:58.845+05:00,shein.com
2021-12-21T19:40:07.718+05:00,LOADTIME|shein.com|8.873
2021-12-21T19:40:11.782+05:00,turkiye.gov.tr
2021-12-21T19:40:15.558+05:00,LOADTIME|turkiye.gov.tr|3.776
2021-12-21T19:40:19.797+05:00,zoho.com
2021-12-21T19:40:25.010+05:00,LOADTIME|zoho.com|5.213
2021-12-21T19:40:29.047+05:00,91jm.com
2021-12-21T19:40:29.484+05:00,TIMEOUT|91jm.com|0.437
2021-12-21T19:40:33.523+05:00,focus.cn
2021-12-21T19:41:02.323+05:00,LOADTIME|focus.cn|28.8
2021-12-21T19:41:06.343+05:00,eventbrite.com
2021-12-21T19:41:14.092+05:00,LOADTIME|eventbrite.com|7.749
2021-12-21T19:41:18.109+05:00,thepiratebay.org
2021-12-21T19:41:21.408+05:00,LOADTIME|thepiratebay.org|3.299
2021-12-21T19:41:25.483+05:00,nicovideo.jp
2021-12-21T19:41:36.923+05:00,LOADTIME|nicovideo.jp|11.44
2021-12-21T19:41:40.996+05:00,marca.com
2021-12-21T19:41:47.609+05:00,LOADTIME|marca.com|6.613
2021-12-21T19:41:51.651+05:00,elmogaz.com
2021-12-21T19:41:57.261+05:00,LOADTIME|elmogaz.com|5.61
2021-12-21T19:42:01.317+05:00,qoo10.sg
2021-12-21T19:42:13.131+05:00,LOADTIME|qoo10.sg|11.814
2021-12-21T19:42:17.158+05:00,shopee.co.id
2021-12-21T19:42:18.532+05:00,LOADTIME|shopee.co.id|1.374
2021-12-21T19:42:22.569+05:00,kapanlagi.com
2021-12-21T19:42:28.133+05:00,LOADTIME|kapanlagi.com|5.564
2021-12-21T19:42:32.213+05:00,hostgator.com
2021-12-21T19:42:49.830+05:00,LOADTIME|hostgator.com|17.617
2021-12-21T19:42:54.073+05:00,jawapos.com
2021-12-21T19:43:02.808+05:00,LOADTIME|jawapos.com|8.735
2021-12-21T19:43:06.924+05:00,cambridge.org
2021-12-21T19:43:41.185+05:00,TIMEOUT|cambridge.org|34.261
2021-12-21T19:43:46.004+05:00,evernote.com
2021-12-21T19:43:51.982+05:00,LOADTIME|evernote.com|5.978
2021-12-21T19:43:56.004+05:00,op.gg
2021-12-21T19:44:01.332+05:00,LOADTIME|op.gg|5.328
2021-12-21T19:44:05.389+05:00,onet.pl
2021-12-21T19:44:11.636+05:00,LOADTIME|onet.pl|6.247
2021-12-21T19:44:15.670+05:00,breitbart.com
2021-12-21T19:44:51.332+05:00,LOADTIME|breitbart.com|35.662
2021-12-21T19:44:55.440+05:00,it168.com
2021-12-21T19:44:56.509+05:00,TIMEOUT|it168.com|1.069
2021-12-21T19:45:00.544+05:00,agacelebir.com
2021-12-21T19:45:01.210+05:00,LOADTIME|agacelebir.com|0.666
2021-12-21T19:45:05.228+05:00,cnnindonesia.com
2021-12-21T19:45:14.400+05:00,LOADTIME|cnnindonesia.com|9.172
2021-12-21T19:45:18.459+05:00,oracle.com
2021-12-21T19:45:24.163+05:00,LOADTIME|oracle.com|5.704
2021-12-21T19:45:28.209+05:00,udn.com
2021-12-21T19:45:42.943+05:00,LOADTIME|udn.com|14.734
2021-12-21T19:45:47.060+05:00,clickbank.com
2021-12-21T19:46:00.275+05:00,LOADTIME|clickbank.com|13.215
2021-12-21T19:46:04.321+05:00,wartaekonomi.co.id
2021-12-21T19:46:09.414+05:00,LOADTIME|wartaekonomi.co.id|5.093
2021-12-21T19:46:13.462+05:00,thestartmagazine.com
2021-12-21T19:46:16.132+05:00,LOADTIME|thestartmagazine.com|2.67
2021-12-21T19:46:20.155+05:00,woocommerce.com
2021-12-21T19:46:23.433+05:00,LOADTIME|woocommerce.com|3.278
2021-12-21T19:46:27.454+05:00,dcard.tw
2021-12-21T19:46:33.844+05:00,LOADTIME|dcard.tw|6.39
2021-12-21T19:46:37.900+05:00,google.com.vn
2021-12-21T19:46:39.781+05:00,LOADTIME|google.com.vn|1.881
2021-12-21T19:46:43.871+05:00,bola.com
2021-12-21T19:46:49.097+05:00,LOADTIME|bola.com|5.226
2021-12-21T19:46:53.179+05:00,google.com.au
2021-12-21T19:46:54.837+05:00,LOADTIME|google.com.au|1.658
2021-12-21T19:46:58.854+05:00,usatoday.com
2021-12-21T19:47:08.492+05:00,LOADTIME|usatoday.com|9.638
2021-12-21T19:47:12.692+05:00,list-manage.com
2021-12-21T19:47:16.395+05:00,LOADTIME|list-manage.com|3.703
2021-12-21T19:47:20.411+05:00,webmd.com
2021-12-21T19:47:29.474+05:00,LOADTIME|webmd.com|9.063
2021-12-21T19:47:33.666+05:00,ebc.net.tw
2021-12-21T19:47:43.790+05:00,LOADTIME|ebc.net.tw|10.124
2021-12-21T19:47:47.876+05:00,ea.com
2021-12-21T19:47:59.196+05:00,LOADTIME|ea.com|11.32
2021-12-21T19:48:03.224+05:00,teachable.com
2021-12-21T19:48:10.033+05:00,LOADTIME|teachable.com|6.809
2021-12-21T19:48:14.068+05:00,outbrain.com
2021-12-21T19:48:19.312+05:00,LOADTIME|outbrain.com|5.244
2021-12-21T19:48:23.344+05:00,ih5.cn
2021-12-21T19:48:43.130+05:00,LOADTIME|ih5.cn|19.786
2021-12-21T19:48:47.156+05:00,elwatannews.com
2021-12-21T19:49:02.867+05:00,LOADTIME|elwatannews.com|15.711
2021-12-21T19:49:06.952+05:00,huaban.com
2021-12-21T19:49:32.908+05:00,LOADTIME|huaban.com|25.956
2021-12-21T19:49:36.927+05:00,spankbang.com
2021-12-21T19:49:37.622+05:00,TIMEOUT|spankbang.com|0.695
2021-12-21T19:49:41.660+05:00,banvenez.com
2021-12-21T19:49:42.188+05:00,TIMEOUT|banvenez.com|0.528
2021-12-21T19:49:46.226+05:00,businessinsider.com
2021-12-21T19:49:48.420+05:00,LOADTIME|businessinsider.com|2.194
2021-12-21T19:49:52.478+05:00,bhphotovideo.com
2021-12-21T19:49:56.065+05:00,LOADTIME|bhphotovideo.com|3.587
2021-12-21T19:50:00.094+05:00,laodong.vn
2021-12-21T19:50:09.325+05:00,LOADTIME|laodong.vn|9.231
2021-12-21T19:50:13.352+05:00,ikco.ir
2021-12-21T19:50:16.723+05:00,LOADTIME|ikco.ir|3.371
2021-12-21T19:50:51.832+05:00,nypost.com
2021-12-21T19:51:28.612+05:00,LOADTIME|nypost.com|36.78
2021-12-21T19:51:32.840+05:00,ensonhaber.com
2021-12-21T19:51:39.369+05:00,LOADTIME|ensonhaber.com|6.529
2021-12-21T19:51:43.406+05:00,verizon.com
2021-12-21T19:51:56.329+05:00,LOADTIME|verizon.com|12.923
2021-12-21T19:52:00.644+05:00,hbomax.com
2021-12-21T19:52:08.847+05:00,LOADTIME|hbomax.com|8.203
2021-12-21T19:52:12.873+05:00,dhl.com
2021-12-21T19:52:16.573+05:00,LOADTIME|dhl.com|3.7
2021-12-21T19:52:20.603+05:00,softonic.com
2021-12-21T19:52:26.395+05:00,LOADTIME|softonic.com|5.792
2021-12-21T19:52:30.452+05:00,delta.com
2021-12-21T19:53:04.596+05:00,TIMEOUT|delta.com|34.144
2021-12-21T19:53:24.630+05:00,onlyfans.com
2021-12-21T19:54:24.726+05:00,TIMEOUT|onlyfans.com|60.096
2021-12-21T19:54:28.745+05:00,iherb.com
2021-12-21T19:54:35.422+05:00,LOADTIME|iherb.com|6.677
2021-12-21T19:54:39.545+05:00,rezka.ag
2021-12-21T19:54:55.559+05:00,LOADTIME|rezka.ag|16.014
2021-12-21T19:54:59.583+05:00,runoob.com
2021-12-21T19:55:33.839+05:00,TIMEOUT|runoob.com|34.256
2021-12-21T19:55:53.889+05:00,filimo.com
2021-12-21T19:55:57.617+05:00,LOADTIME|filimo.com|3.728
2021-12-21T19:56:01.636+05:00,ninisite.com
2021-12-21T19:56:09.251+05:00,LOADTIME|ninisite.com|7.615
2021-12-21T19:56:13.276+05:00,buffer.com
2021-12-21T19:57:13.294+05:00,TIMEOUT|buffer.com|60.018
2021-12-21T19:57:17.319+05:00,cafe24.com
2021-12-21T19:57:48.415+05:00,LOADTIME|cafe24.com|31.096
2021-12-21T19:57:52.450+05:00,rakuten-bank.co.jp
2021-12-21T19:58:26.741+05:00,TIMEOUT|rakuten-bank.co.jp|34.291
2021-12-21T19:58:46.776+05:00,upwork.com
2021-12-21T19:58:52.479+05:00,LOADTIME|upwork.com|5.703
2021-12-21T19:58:56.544+05:00,impress.co.jp
2021-12-21T19:59:04.104+05:00,LOADTIME|impress.co.jp|7.56
2021-12-21T19:59:08.144+05:00,divar.ir
2021-12-21T19:59:28.192+05:00,LOADTIME|divar.ir|20.048
2021-12-21T19:59:32.216+05:00,bp.blogspot.com
2021-12-21T19:59:32.595+05:00,TIMEOUT|bp.blogspot.com|0.379
2021-12-21T19:59:36.637+05:00,state.gov
2021-12-21T19:59:42.426+05:00,LOADTIME|state.gov|5.789
2021-12-21T19:59:46.461+05:00,shippingchina.com
2021-12-21T20:00:20.728+05:00,TIMEOUT|shippingchina.com|34.267
2021-12-21T20:00:40.763+05:00,nba.com
2021-12-21T20:00:47.889+05:00,LOADTIME|nba.com|7.126
2021-12-21T20:00:51.928+05:00,livejournal.com
2021-12-21T20:01:08.544+05:00,LOADTIME|livejournal.com|16.616
2021-12-21T20:01:12.637+05:00,line.me
2021-12-21T20:01:19.175+05:00,LOADTIME|line.me|6.538
2021-12-21T20:01:23.206+05:00,shopee.vn
2021-12-21T20:01:24.379+05:00,LOADTIME|shopee.vn|1.173
2021-12-21T20:01:28.418+05:00,abs-cbn.com
2021-12-21T20:01:37.144+05:00,LOADTIME|abs-cbn.com|8.726
2021-12-21T20:01:41.191+05:00,quora.com
2021-12-21T20:01:45.444+05:00,LOADTIME|quora.com|4.253
2021-12-21T20:01:49.467+05:00,oschina.net
2021-12-21T20:02:10.542+05:00,LOADTIME|oschina.net|21.075
2021-12-21T20:02:14.570+05:00,biobiochile.cl
2021-12-21T20:03:14.587+05:00,TIMEOUT|biobiochile.cl|60.017
2021-12-21T20:03:18.653+05:00,hurriyet.com.tr
2021-12-21T20:03:25.708+05:00,LOADTIME|hurriyet.com.tr|7.055
2021-12-21T20:03:29.802+05:00,ecer.com
2021-12-21T20:03:35.702+05:00,LOADTIME|ecer.com|5.9
2021-12-21T20:03:39.729+05:00,xero.com
2021-12-21T20:03:44.441+05:00,LOADTIME|xero.com|4.712
2021-12-21T20:03:48.478+05:00,wish.com
2021-12-21T20:03:54.792+05:00,LOADTIME|wish.com|6.314
2021-12-21T20:03:58.862+05:00,eatthis.com
2021-12-21T20:04:01.026+05:00,LOADTIME|eatthis.com|2.164
2021-12-21T20:04:05.050+05:00,pcbaby.com.cn
2021-12-21T20:04:40.565+05:00,LOADTIME|pcbaby.com.cn|35.515
2021-12-21T20:04:44.592+05:00,protonmail.com
2021-12-21T20:04:46.978+05:00,LOADTIME|protonmail.com|2.386
2021-12-21T20:04:51.001+05:00,google.ro
2021-12-21T20:04:52.726+05:00,LOADTIME|google.ro|1.725
2021-12-21T20:04:56.747+05:00,bloomberg.com
2021-12-21T20:05:06.534+05:00,LOADTIME|bloomberg.com|9.787
2021-12-21T20:05:10.693+05:00,chinanetrank.com
2021-12-21T20:05:11.910+05:00,TIMEOUT|chinanetrank.com|1.217
2021-12-21T20:05:15.950+05:00,genius.com
2021-12-21T20:05:22.978+05:00,LOADTIME|genius.com|7.028
2021-12-21T20:05:27.067+05:00,ticketmaster.com
2021-12-21T20:05:34.248+05:00,LOADTIME|ticketmaster.com|7.181
2021-12-21T20:05:38.412+05:00,taleo.net
2021-12-21T20:05:39.840+05:00,LOADTIME|taleo.net|1.428
2021-12-21T20:05:49.818+05:00,asos.com
2021-12-21T20:05:59.561+05:00,LOADTIME|asos.com|9.743
2021-12-21T20:06:03.613+05:00,google.az
2021-12-21T20:06:05.500+05:00,LOADTIME|google.az|1.887
2021-12-21T20:06:09.519+05:00,kontan.co.id
2021-12-21T20:06:42.543+05:00,LOADTIME|kontan.co.id|33.024
2021-12-21T20:06:46.757+05:00,crunchyroll.com
2021-12-21T20:06:53.727+05:00,LOADTIME|crunchyroll.com|6.97
2021-12-21T20:06:57.836+05:00,issuu.com
2021-12-21T20:07:01.488+05:00,LOADTIME|issuu.com|3.652
2021-12-21T20:07:05.680+05:00,marriott.com
2021-12-21T20:07:16.668+05:00,LOADTIME|marriott.com|10.988
2021-12-21T20:07:21.626+05:00,regecish.net
2021-12-21T20:07:27.696+05:00,LOADTIME|regecish.net|6.07
2021-12-21T20:07:31.788+05:00,accuweather.com
2021-12-21T20:07:39.413+05:00,LOADTIME|accuweather.com|7.625
2021-12-21T20:07:43.498+05:00,vrbo.com
2021-12-21T20:07:46.187+05:00,LOADTIME|vrbo.com|2.689
2021-12-21T20:07:50.223+05:00,tdameritrade.com
2021-12-21T20:08:04.158+05:00,LOADTIME|tdameritrade.com|13.935
2021-12-21T20:08:08.230+05:00,priberam.org
2021-12-21T20:08:08.630+05:00,TIMEOUT|priberam.org|0.4
2021-12-21T20:08:12.676+05:00,payu.in
2021-12-21T20:08:16.254+05:00,LOADTIME|payu.in|3.578
2021-12-21T20:08:20.289+05:00,pixabay.com
2021-12-21T20:08:21.837+05:00,LOADTIME|pixabay.com|1.548
2021-12-21T20:08:25.861+05:00,douban.com
2021-12-21T20:08:46.620+05:00,LOADTIME|douban.com|20.759
2021-12-21T20:08:50.659+05:00,convertio.co
2021-12-21T20:08:52.881+05:00,LOADTIME|convertio.co|2.222
2021-12-21T20:08:56.903+05:00,gsmarena.com
2021-12-21T20:09:07.139+05:00,LOADTIME|gsmarena.com|10.236
2021-12-21T20:09:11.242+05:00,activehosted.com
2021-12-21T20:09:12.136+05:00,LOADTIME|activehosted.com|0.894
2021-12-21T20:09:16.205+05:00,mathrubhumi.com
2021-12-21T20:09:25.838+05:00,LOADTIME|mathrubhumi.com|9.633
2021-12-21T20:09:29.903+05:00,mynavi.jp
2021-12-21T20:09:38.164+05:00,LOADTIME|mynavi.jp|8.261
2021-12-21T20:09:42.183+05:00,deviantart.com
2021-12-21T20:09:43.056+05:00,TIMEOUT|deviantart.com|0.873
2021-12-21T20:09:47.097+05:00,prothomalo.com
2021-12-21T20:09:52.220+05:00,LOADTIME|prothomalo.com|5.123
2021-12-21T20:09:56.274+05:00,iqiyi.com
2021-12-21T20:10:08.041+05:00,LOADTIME|iqiyi.com|11.767
2021-12-21T20:10:12.066+05:00,inquirer.net
2021-12-21T20:11:12.087+05:00,TIMEOUT|inquirer.net|60.021
2021-12-21T20:11:16.394+05:00,hubspot.com
2021-12-21T20:11:20.351+05:00,LOADTIME|hubspot.com|3.957
2021-12-21T20:11:24.373+05:00,nordstrom.com
2021-12-21T20:11:25.513+05:00,LOADTIME|nordstrom.com|1.14
2021-12-21T20:11:29.536+05:00,messenger.com
2021-12-21T20:11:32.748+05:00,LOADTIME|messenger.com|3.212
2021-12-21T20:11:36.779+05:00,www.gov.uk
2021-12-21T20:11:37.680+05:00,LOADTIME|www.gov.uk|0.901
2021-12-21T20:11:41.700+05:00,eleccionesgenerales2021.pe
2021-12-21T20:12:06.834+05:00,TIMEOUT|eleccionesgenerales2021.pe|25.134
2021-12-21T20:12:10.871+05:00,bigcommerce.com
2021-12-21T20:12:21.086+05:00,LOADTIME|bigcommerce.com|10.215
2021-12-21T20:12:25.171+05:00,tutorialspoint.com
2021-12-21T20:12:27.632+05:00,LOADTIME|tutorialspoint.com|2.461
2021-12-21T20:12:31.652+05:00,slickdeals.net
2021-12-21T20:12:38.152+05:00,LOADTIME|slickdeals.net|6.5
2021-12-21T20:12:42.293+05:00,wpengine.com
2021-12-21T20:12:44.208+05:00,LOADTIME|wpengine.com|1.915
2021-12-21T20:12:48.231+05:00,as.com
2021-12-21T20:12:53.606+05:00,LOADTIME|as.com|5.375
2021-12-21T20:12:57.661+05:00,pinimg.com
2021-12-21T20:13:04.424+05:00,LOADTIME|pinimg.com|6.763
2021-12-21T20:13:08.535+05:00,1337x.to
2021-12-21T20:13:12.317+05:00,LOADTIME|1337x.to|3.782
2021-12-21T20:13:16.340+05:00,cnbcindonesia.com
2021-12-21T20:13:22.131+05:00,LOADTIME|cnbcindonesia.com|5.791
2021-12-21T20:13:26.207+05:00,newegg.com
2021-12-21T20:13:33.295+05:00,LOADTIME|newegg.com|7.088
2021-12-21T20:13:37.645+05:00,goo.ne.jp
2021-12-21T20:13:52.062+05:00,LOADTIME|goo.ne.jp|14.417
2021-12-21T20:13:56.130+05:00,boc.cn
2021-12-21T20:13:56.433+05:00,TIMEOUT|boc.cn|0.303
2021-12-21T20:14:00.477+05:00,merriam-webster.com
2021-12-21T20:14:11.078+05:00,LOADTIME|merriam-webster.com|10.601
2021-12-21T20:14:15.219+05:00,go.com
2021-12-21T20:14:50.468+05:00,TIMEOUT|go.com|35.249
2021-12-21T20:14:54.503+05:00,prtimes.jp
2021-12-21T20:15:54.518+05:00,TIMEOUT|prtimes.jp|60.015
2021-12-21T20:15:58.546+05:00,aajtak.in
2021-12-21T20:16:02.964+05:00,LOADTIME|aajtak.in|4.418
2021-12-21T20:16:07.549+05:00,ecosia.org
2021-12-21T20:16:15.398+05:00,LOADTIME|ecosia.org|7.849
2021-12-21T20:16:19.920+05:00,leboncoin.fr
2021-12-21T20:16:27.639+05:00,LOADTIME|leboncoin.fr|7.719
2021-12-21T20:16:31.661+05:00,mileroticos.com
2021-12-21T20:16:35.335+05:00,LOADTIME|mileroticos.com|3.674
2021-12-21T20:16:39.351+05:00,buzzfeed.com
2021-12-21T20:16:46.369+05:00,LOADTIME|buzzfeed.com|7.018
2021-12-21T20:16:50.498+05:00,npr.org
2021-12-21T20:16:57.771+05:00,LOADTIME|npr.org|7.273
2021-12-21T20:17:01.874+05:00,google.gr
2021-12-21T20:17:03.723+05:00,LOADTIME|google.gr|1.849
2021-12-21T20:17:07.743+05:00,elpais.com
2021-12-21T20:17:12.332+05:00,LOADTIME|elpais.com|4.589
2021-12-21T20:17:16.372+05:00,google.co.ve
2021-12-21T20:17:17.926+05:00,LOADTIME|google.co.ve|1.554
2021-12-21T20:17:21.948+05:00,ebay.com.au
2021-12-21T20:17:26.862+05:00,LOADTIME|ebay.com.au|4.914
2021-12-21T20:17:31.028+05:00,9384.com
2021-12-21T20:17:31.373+05:00,TIMEOUT|9384.com|0.345
2021-12-21T20:17:35.411+05:00,nvidia.com
2021-12-21T20:17:41.081+05:00,LOADTIME|nvidia.com|5.67
2021-12-21T20:17:45.136+05:00,eghtesadnews.com
2021-12-21T20:17:50.375+05:00,LOADTIME|eghtesadnews.com|5.239
2021-12-21T20:17:54.396+05:00,medicalnewstoday.com
2021-12-21T20:17:58.381+05:00,LOADTIME|medicalnewstoday.com|3.985
2021-12-21T20:18:02.434+05:00,linguee.com
2021-12-21T20:18:05.565+05:00,LOADTIME|linguee.com|3.131
2021-12-21T20:18:09.622+05:00,kuronekoyamato.co.jp
2021-12-21T20:18:09.917+05:00,TIMEOUT|kuronekoyamato.co.jp|0.295
2021-12-21T20:18:13.959+05:00,lenta.ru
2021-12-21T20:18:20.616+05:00,LOADTIME|lenta.ru|6.657
2021-12-21T20:18:24.767+05:00,yt1s.com
2021-12-21T20:18:25.951+05:00,LOADTIME|yt1s.com|1.184
2021-12-21T20:18:29.972+05:00,lbank.info
2021-12-21T20:18:36.043+05:00,LOADTIME|lbank.info|6.071
2021-12-21T20:18:40.063+05:00,get-express-vpn.online
2021-12-21T20:18:42.248+05:00,LOADTIME|get-express-vpn.online|2.185
2021-12-21T20:18:46.274+05:00,yourwowfeed.com
2021-12-21T20:18:47.353+05:00,LOADTIME|yourwowfeed.com|1.079
2021-12-21T20:18:51.371+05:00,gap.com
2021-12-21T20:18:55.341+05:00,LOADTIME|gap.com|3.97
2021-12-21T20:18:59.485+05:00,iweihai.cn
2021-12-21T20:19:00.241+05:00,TIMEOUT|iweihai.cn|0.756
2021-12-21T20:19:04.281+05:00,discover.com
2021-12-21T20:19:08.209+05:00,LOADTIME|discover.com|3.928
2021-12-21T20:19:12.250+05:00,torob.com
2021-12-21T20:19:16.142+05:00,LOADTIME|torob.com|3.892
2021-12-21T20:19:20.164+05:00,coursehero.com
2021-12-21T20:19:22.955+05:00,LOADTIME|coursehero.com|2.791
2021-12-21T20:19:27.014+05:00,ny.gov
2021-12-21T20:19:34.129+05:00,LOADTIME|ny.gov|7.115
2021-12-21T20:19:38.169+05:00,dostor.org
2021-12-21T20:19:43.519+05:00,LOADTIME|dostor.org|5.35
2021-12-21T20:19:47.783+05:00,justdial.com
2021-12-21T20:19:52.389+05:00,LOADTIME|justdial.com|4.606
2021-12-21T20:19:56.416+05:00,pixiv.net
2021-12-21T20:19:57.860+05:00,TIMEOUT|pixiv.net|1.444
2021-12-21T20:20:01.894+05:00,atlassian.net
2021-12-21T20:20:06.708+05:00,LOADTIME|atlassian.net|4.814
2021-12-21T20:20:10.734+05:00,netsuite.com
2021-12-21T20:20:11.550+05:00,TIMEOUT|netsuite.com|0.816
2021-12-21T20:20:15.591+05:00,europa.eu
2021-12-21T20:20:18.808+05:00,LOADTIME|europa.eu|3.217
2021-12-21T20:20:22.901+05:00,newtalk.tw
2021-12-21T20:20:36.121+05:00,LOADTIME|newtalk.tw|13.22
2021-12-21T20:20:40.263+05:00,xabbs.com
2021-12-21T20:20:58.438+05:00,TIMEOUT|xabbs.com|18.175
2021-12-21T20:21:18.475+05:00,miro.com
2021-12-21T20:21:24.408+05:00,LOADTIME|miro.com|5.933
2021-12-21T20:21:28.447+05:00,amazon.com.au
2021-12-21T20:21:33.488+05:00,LOADTIME|amazon.com.au|5.041
2021-12-21T20:21:37.534+05:00,eee114.com
2021-12-21T20:22:11.939+05:00,TIMEOUT|eee114.com|34.405
2021-12-21T20:22:31.980+05:00,indianexpress.com
2021-12-21T20:22:39.011+05:00,LOADTIME|indianexpress.com|7.031
2021-12-21T20:22:43.105+05:00,seznam.cz
2021-12-21T20:22:58.674+05:00,LOADTIME|seznam.cz|15.569
2021-12-21T20:23:02.770+05:00,premierbet.co.ao
2021-12-21T20:23:13.987+05:00,LOADTIME|premierbet.co.ao|11.217
2021-12-21T20:23:18.022+05:00,kayak.com
2021-12-21T20:23:23.043+05:00,LOADTIME|kayak.com|5.021
2021-12-21T20:23:27.071+05:00,mit.edu
2021-12-21T20:23:30.709+05:00,LOADTIME|mit.edu|3.638
2021-12-21T20:23:34.727+05:00,gotowebinar.com
2021-12-21T20:23:48.279+05:00,LOADTIME|gotowebinar.com|13.552
2021-12-21T20:23:52.327+05:00,cnbeta.com
2021-12-21T20:24:12.109+05:00,LOADTIME|cnbeta.com|19.782
2021-12-21T20:24:16.246+05:00,mykajabi.com
2021-12-21T20:24:16.566+05:00,TIMEOUT|mykajabi.com|0.32
2021-12-21T20:24:20.605+05:00,dmm.co.jp
2021-12-21T20:24:35.348+05:00,LOADTIME|dmm.co.jp|14.743
2021-12-21T20:24:39.369+05:00,qiita.com
2021-12-21T20:24:43.800+05:00,LOADTIME|qiita.com|4.431
2021-12-21T20:24:47.856+05:00,sourceforge.net
2021-12-21T20:24:51.482+05:00,LOADTIME|sourceforge.net|3.626
2021-12-21T20:24:55.503+05:00,sbisec.co.jp
2021-12-21T20:24:55.763+05:00,TIMEOUT|sbisec.co.jp|0.26
2021-12-21T20:24:59.801+05:00,lenovo.com
2021-12-21T20:25:06.125+05:00,LOADTIME|lenovo.com|6.324
2021-12-21T20:25:10.185+05:00,discordapp.com
2021-12-21T20:25:15.998+05:00,LOADTIME|discordapp.com|5.813
2021-12-21T20:25:20.018+05:00,creditchina.gov.cn
2021-12-21T20:25:20.822+05:00,TIMEOUT|creditchina.gov.cn|0.804
2021-12-21T20:25:24.859+05:00,amazon.es
2021-12-21T20:25:29.839+05:00,LOADTIME|amazon.es|4.98
2021-12-21T20:25:33.891+05:00,pchome.com.tw
2021-12-21T20:25:54.985+05:00,LOADTIME|pchome.com.tw|21.094
2021-12-21T20:25:59.042+05:00,louisvuitton.com
2021-12-21T20:26:05.906+05:00,LOADTIME|louisvuitton.com|6.864
2021-12-21T20:26:09.932+05:00,w3school.com.cn
2021-12-21T20:26:15.767+05:00,LOADTIME|w3school.com.cn|5.835
2021-12-21T20:26:19.784+05:00,viva.co.id
2021-12-21T20:26:26.376+05:00,LOADTIME|viva.co.id|6.592
2021-12-21T20:26:30.434+05:00,zcool.com.cn
2021-12-21T20:27:13.788+05:00,LOADTIME|zcool.com.cn|43.354
2021-12-21T20:27:17.862+05:00,hm.com
2021-12-21T20:27:20.956+05:00,LOADTIME|hm.com|3.094
2021-12-21T20:27:24.982+05:00,weblio.jp
2021-12-21T20:27:26.670+05:00,LOADTIME|weblio.jp|1.688
2021-12-21T20:27:30.690+05:00,service-now.com
2021-12-21T20:27:41.255+05:00,LOADTIME|service-now.com|10.565
2021-12-21T20:27:45.313+05:00,custhelp.com
2021-12-21T20:27:56.201+05:00,LOADTIME|custhelp.com|10.888
2021-12-21T20:28:00.220+05:00,royalbank.com
2021-12-21T20:28:34.475+05:00,TIMEOUT|royalbank.com|34.255
2021-12-21T20:28:54.514+05:00,southwest.com
2021-12-21T20:29:20.875+05:00,LOADTIME|southwest.com|26.361
2021-12-21T20:29:24.930+05:00,mercadolibre.com.ar
2021-12-21T20:29:31.648+05:00,LOADTIME|mercadolibre.com.ar|6.718
2021-12-21T20:29:35.730+05:00,chron.com
2021-12-21T20:29:48.107+05:00,LOADTIME|chron.com|12.377
2021-12-21T20:29:52.224+05:00,people.com.cn
2021-12-21T20:30:31.077+05:00,LOADTIME|people.com.cn|38.853
2021-12-21T20:30:35.100+05:00,nhk.or.jp
2021-12-21T20:30:35.271+05:00,TIMEOUT|nhk.or.jp|0.171
2021-12-21T20:30:39.313+05:00,btctrademart.com
2021-12-21T20:30:39.611+05:00,TIMEOUT|btctrademart.com|0.298
2021-12-21T20:30:43.652+05:00,kickstarter.com
2021-12-21T20:30:48.436+05:00,LOADTIME|kickstarter.com|4.784
2021-12-21T20:30:52.471+05:00,avg.com
2021-12-21T20:30:59.662+05:00,LOADTIME|avg.com|7.191
2021-12-21T20:31:03.741+05:00,babyschool.com.cn
2021-12-21T20:31:04.020+05:00,TIMEOUT|babyschool.com.cn|0.279
2021-12-21T20:31:08.056+05:00,wp.pl
2021-12-21T20:31:12.034+05:00,LOADTIME|wp.pl|3.978
2021-12-21T20:31:16.062+05:00,brilio.net
2021-12-21T20:31:24.614+05:00,LOADTIME|brilio.net|8.552
2021-12-21T20:31:28.801+05:00,springer.com
2021-12-21T20:31:33.694+05:00,LOADTIME|springer.com|4.893
2021-12-21T20:31:37.720+05:00,104.com.tw
2021-12-21T20:31:45.633+05:00,LOADTIME|104.com.tw|7.913
2021-12-21T20:31:49.652+05:00,fool.com
2021-12-21T20:32:49.671+05:00,TIMEOUT|fool.com|60.019
2021-12-21T20:32:53.713+05:00,pexels.com
2021-12-21T20:32:56.396+05:00,LOADTIME|pexels.com|2.683
2021-12-21T20:33:00.420+05:00,livedoor.jp
2021-12-21T20:33:00.946+05:00,TIMEOUT|livedoor.jp|0.526
2021-12-21T20:33:04.980+05:00,interia.pl
2021-12-21T20:33:10.070+05:00,LOADTIME|interia.pl|5.09
2021-12-21T20:33:14.113+05:00,mehrnews.com
2021-12-21T20:33:19.719+05:00,LOADTIME|mehrnews.com|5.606
2021-12-21T20:33:23.739+05:00,notion.so
2021-12-21T20:33:28.474+05:00,LOADTIME|notion.so|4.735
2021-12-21T20:33:32.533+05:00,zippyshare.com
2021-12-21T20:33:35.921+05:00,LOADTIME|zippyshare.com|3.388
2021-12-21T20:33:39.943+05:00,albawabhnews.com
2021-12-21T20:33:44.714+05:00,LOADTIME|albawabhnews.com|4.771
2021-12-21T20:33:48.762+05:00,incometax.gov.in
2021-12-21T20:33:49.058+05:00,TIMEOUT|incometax.gov.in|0.296
2021-12-21T20:33:53.096+05:00,timeanddate.com
2021-12-21T20:33:55.451+05:00,LOADTIME|timeanddate.com|2.355
2021-12-21T20:33:59.509+05:00,clickpost.jp
2021-12-21T20:34:05.222+05:00,LOADTIME|clickpost.jp|5.713
2021-12-21T20:34:09.244+05:00,getpocket.com
2021-12-21T20:34:11.533+05:00,LOADTIME|getpocket.com|2.289
2021-12-21T20:34:15.556+05:00,cna.com.tw
2021-12-21T20:34:24.254+05:00,LOADTIME|cna.com.tw|8.698
2021-12-21T20:34:28.300+05:00,www.gov.cn
2021-12-21T20:35:07.494+05:00,LOADTIME|www.gov.cn|39.194
2021-12-21T20:35:11.518+05:00,house365.com
2021-12-21T20:35:18.276+05:00,LOADTIME|house365.com|6.758
2021-12-21T20:35:22.299+05:00,invisionapp.com
2021-12-21T20:35:30.467+05:00,LOADTIME|invisionapp.com|8.168
2021-12-21T20:35:34.507+05:00,bamboohr.com
2021-12-21T20:35:44.735+05:00,LOADTIME|bamboohr.com|10.228
2021-12-21T20:35:48.757+05:00,epfindia.gov.in
2021-12-21T20:36:24.580+05:00,TIMEOUT|epfindia.gov.in|35.823
2021-12-21T20:36:44.621+05:00,doordash.com
2021-12-21T20:36:45.838+05:00,TIMEOUT|doordash.com|1.217
2021-12-21T20:36:49.875+05:00,4chan.org
2021-12-21T20:36:50.326+05:00,TIMEOUT|4chan.org|0.451
2021-12-21T20:36:54.364+05:00,thethao247.vn
2021-12-21T20:37:05.034+05:00,LOADTIME|thethao247.vn|10.67
2021-12-21T20:37:09.103+05:00,google.com.ua
2021-12-21T20:37:10.925+05:00,LOADTIME|google.com.ua|1.822
2021-12-21T20:37:14.949+05:00,audible.com
2021-12-21T20:37:22.004+05:00,LOADTIME|audible.com|7.055
2021-12-21T20:37:26.080+05:00,chaduo.com
2021-12-21T20:37:44.626+05:00,LOADTIME|chaduo.com|18.546
2021-12-21T20:37:48.645+05:00,india.com
2021-12-21T20:37:49.352+05:00,TIMEOUT|india.com|0.707
2021-12-21T20:37:53.393+05:00,dangdang.com
2021-12-21T20:38:26.700+05:00,LOADTIME|dangdang.com|33.307
2021-12-21T20:38:30.728+05:00,shopee.co.th
2021-12-21T20:38:32.258+05:00,LOADTIME|shopee.co.th|1.53
2021-12-21T20:38:36.296+05:00,hh.ru
2021-12-21T20:38:43.206+05:00,LOADTIME|hh.ru|6.91
2021-12-21T20:38:47.305+05:00,ibm.com
2021-12-21T20:38:59.590+05:00,LOADTIME|ibm.com|12.285
2021-12-21T20:39:03.643+05:00,libero.it
2021-12-21T20:39:10.020+05:00,LOADTIME|libero.it|6.377
2021-12-21T20:39:14.057+05:00,9gag.com
2021-12-21T20:39:14.869+05:00,LOADTIME|9gag.com|0.812
2021-12-21T20:39:18.904+05:00,depositphotos.com
2021-12-21T20:39:23.197+05:00,LOADTIME|depositphotos.com|4.293
2021-12-21T20:39:27.240+05:00,huim.com
2021-12-21T20:39:34.456+05:00,LOADTIME|huim.com|7.216
2021-12-21T20:39:38.480+05:00,kakaku.com
2021-12-21T20:39:47.197+05:00,LOADTIME|kakaku.com|8.717
2021-12-21T20:39:51.277+05:00,matchesfashion.com
2021-12-21T20:39:59.500+05:00,LOADTIME|matchesfashion.com|8.223
2021-12-21T20:40:03.730+05:00,mayoclinic.org
2021-12-21T20:40:08.383+05:00,LOADTIME|mayoclinic.org|4.653
2021-12-21T20:40:12.415+05:00,giphy.com
2021-12-21T20:40:16.121+05:00,LOADTIME|giphy.com|3.706
2021-12-21T20:40:20.141+05:00,youporn.com
2021-12-21T20:40:55.470+05:00,TIMEOUT|youporn.com|35.329
2021-12-21T20:41:15.509+05:00,nextdoor.com
2021-12-21T20:41:18.912+05:00,LOADTIME|nextdoor.com|3.403
2021-12-21T20:41:22.964+05:00,neobux.com
2021-12-21T20:41:23.966+05:00,LOADTIME|neobux.com|1.002
2021-12-21T20:41:27.992+05:00,editor.wix.com
2021-12-21T20:41:30.731+05:00,LOADTIME|editor.wix.com|2.739
2021-12-21T20:41:34.765+05:00,tandfonline.com
2021-12-21T20:41:37.707+05:00,LOADTIME|tandfonline.com|2.942
2021-12-21T20:41:41.745+05:00,addthis.com
2021-12-21T20:41:55.051+05:00,LOADTIME|addthis.com|13.306
2021-12-21T20:41:59.087+05:00,yoox.com
2021-12-21T20:42:04.929+05:00,LOADTIME|yoox.com|5.842
2021-12-21T20:42:08.999+05:00,ytmp3.cc
2021-12-21T20:42:13.930+05:00,LOADTIME|ytmp3.cc|4.931
2021-12-21T20:42:17.960+05:00,ouo.io
2021-12-21T20:42:19.557+05:00,LOADTIME|ouo.io|1.597
2021-12-21T20:42:23.573+05:00,lancers.jp
2021-12-21T20:42:30.974+05:00,LOADTIME|lancers.jp|7.401
2021-12-21T20:42:35.125+05:00,files.wordpress.com
2021-12-21T20:42:40.684+05:00,LOADTIME|files.wordpress.com|5.559
2021-12-21T20:42:44.716+05:00,meituan.com
2021-12-21T20:42:51.746+05:00,LOADTIME|meituan.com|7.03
2021-12-21T20:42:55.767+05:00,dafont.com
2021-12-21T20:43:02.986+05:00,LOADTIME|dafont.com|7.219
2021-12-21T20:43:07.060+05:00,quillbot.com
2021-12-21T20:43:11.114+05:00,LOADTIME|quillbot.com|4.054
2021-12-21T20:43:15.145+05:00,yts.mx
2021-12-21T20:43:24.052+05:00,LOADTIME|yts.mx|8.907
2021-12-21T20:43:28.171+05:00,usnews.com
2021-12-21T20:43:37.261+05:00,LOADTIME|usnews.com|9.09
2021-12-21T20:43:41.434+05:00,hindustantimes.com
2021-12-21T20:43:46.668+05:00,LOADTIME|hindustantimes.com|5.234
2021-12-21T20:43:50.698+05:00,vvvdj.com
2021-12-21T20:44:24.962+05:00,TIMEOUT|vvvdj.com|34.264
2021-12-21T20:44:44.999+05:00,consultant.ru
2021-12-21T20:44:49.830+05:00,LOADTIME|consultant.ru|4.831
2021-12-21T20:44:53.865+05:00,eghtesadonline.com
2021-12-21T20:45:07.213+05:00,LOADTIME|eghtesadonline.com|13.348
2021-12-21T20:45:11.254+05:00,cdc.gov
2021-12-21T20:45:15.034+05:00,LOADTIME|cdc.gov|3.78
2021-12-21T20:45:19.061+05:00,jotform.com
2021-12-21T20:45:22.297+05:00,LOADTIME|jotform.com|3.236
2021-12-21T20:45:26.463+05:00,dianping.com
2021-12-21T20:45:32.729+05:00,LOADTIME|dianping.com|6.266
2021-12-21T20:45:36.749+05:00,aruba.it
2021-12-21T20:45:44.068+05:00,LOADTIME|aruba.it|7.319
2021-12-21T20:45:48.094+05:00,united.com
2021-12-21T20:46:00.357+05:00,LOADTIME|united.com|12.263
2021-12-21T20:46:04.411+05:00,iliangcang.com
2021-12-21T20:47:04.431+05:00,TIMEOUT|iliangcang.com|60.02
2021-12-21T20:47:08.459+05:00,playstation.com
2021-12-21T20:47:14.432+05:00,LOADTIME|playstation.com|5.973
2021-12-21T20:47:21.837+05:00,rottentomatoes.com
2021-12-21T20:47:29.613+05:00,LOADTIME|rottentomatoes.com|7.776
2021-12-21T20:47:33.754+05:00,ign.com
2021-12-21T20:47:38.374+05:00,LOADTIME|ign.com|4.62
2021-12-21T20:47:42.514+05:00,hotels.com
2021-12-21T20:47:48.924+05:00,LOADTIME|hotels.com|6.41
2021-12-21T20:47:52.951+05:00,pcmag.com
2021-12-21T20:47:58.231+05:00,LOADTIME|pcmag.com|5.28
2021-12-21T20:48:02.401+05:00,nairaland.com
2021-12-21T20:48:05.294+05:00,LOADTIME|nairaland.com|2.893
2021-12-21T20:48:09.332+05:00,wplay.co
2021-12-21T20:48:12.803+05:00,LOADTIME|wplay.co|3.471
2021-12-21T20:48:16.838+05:00,jw.org
2021-12-21T20:48:23.276+05:00,LOADTIME|jw.org|6.438
2021-12-21T20:48:27.309+05:00,business.site
2021-12-21T20:48:30.274+05:00,LOADTIME|business.site|2.965
2021-12-21T20:48:34.294+05:00,rediff.com
2021-12-21T20:48:47.616+05:00,LOADTIME|rediff.com|13.322
2021-12-21T20:48:51.678+05:00,cloudflare.com
2021-12-21T20:48:53.511+05:00,LOADTIME|cloudflare.com|1.833
2021-12-21T20:48:57.545+05:00,eqxiu.com
2021-12-21T20:49:10.226+05:00,LOADTIME|eqxiu.com|12.681
2021-12-21T20:49:20.162+05:00,usbank.com
2021-12-21T20:49:30.037+05:00,LOADTIME|usbank.com|9.875
2021-12-21T20:49:34.131+05:00,docin.com
2021-12-21T20:49:42.607+05:00,LOADTIME|docin.com|8.476
2021-12-21T20:49:46.631+05:00,topfo.com
2021-12-21T20:49:46.943+05:00,TIMEOUT|topfo.com|0.312
2021-12-21T20:49:50.985+05:00,jpnn.com
2021-12-21T20:49:54.730+05:00,LOADTIME|jpnn.com|3.745
2021-12-21T20:49:58.824+05:00,gyazo.com
2021-12-21T20:50:01.554+05:00,LOADTIME|gyazo.com|2.73
2021-12-21T20:50:05.583+05:00,theepochtimes.com
2021-12-21T20:50:11.094+05:00,LOADTIME|theepochtimes.com|5.511
2021-12-21T20:50:15.165+05:00,statista.com
2021-12-21T20:50:19.075+05:00,LOADTIME|statista.com|3.91
2021-12-21T20:50:23.106+05:00,morningpost.com.cn
2021-12-21T20:50:24.109+05:00,TIMEOUT|morningpost.com.cn|1.003
2021-12-21T20:50:28.146+05:00,ria.ru
2021-12-21T20:50:32.637+05:00,LOADTIME|ria.ru|4.491
2021-12-21T20:50:36.676+05:00,myntra.com
2021-12-21T20:50:44.681+05:00,LOADTIME|myntra.com|8.005
2021-12-21T20:50:48.738+05:00,uptodown.com
2021-12-21T20:50:51.929+05:00,LOADTIME|uptodown.com|3.191
2021-12-21T20:50:55.953+05:00,t-mobile.com
2021-12-21T20:51:04.906+05:00,LOADTIME|t-mobile.com|8.953
2021-12-21T20:51:09.118+05:00,thefreedictionary.com
2021-12-21T20:51:15.464+05:00,LOADTIME|thefreedictionary.com|6.346
2021-12-21T20:51:19.569+05:00,bbcollab.com
2021-12-21T20:51:19.909+05:00,TIMEOUT|bbcollab.com|0.34
2021-12-21T20:51:23.947+05:00,onelogin.com
2021-12-21T20:51:31.471+05:00,LOADTIME|onelogin.com|7.524
2021-12-21T20:51:35.504+05:00,indiatoday.in
2021-12-21T20:52:35.521+05:00,TIMEOUT|indiatoday.in|60.017
2021-12-21T20:52:39.590+05:00,gotomeeting.com
2021-12-21T20:52:46.192+05:00,LOADTIME|gotomeeting.com|6.602
2021-12-21T20:52:50.240+05:00,google.cl
2021-12-21T20:52:51.969+05:00,LOADTIME|google.cl|1.729
2021-12-21T20:52:55.992+05:00,afip.gob.ar
2021-12-21T20:52:58.424+05:00,LOADTIME|afip.gob.ar|2.432
2021-12-21T20:53:02.442+05:00,trulia.com
2021-12-21T20:53:08.132+05:00,LOADTIME|trulia.com|5.69
2021-12-21T20:53:12.160+05:00,google.co.za
2021-12-21T20:53:13.677+05:00,LOADTIME|google.co.za|1.517
2021-12-21T20:53:17.701+05:00,livedoor.com
2021-12-21T20:53:23.118+05:00,LOADTIME|livedoor.com|5.417
2021-12-21T20:53:27.169+05:00,asus.com
2021-12-21T20:53:30.114+05:00,LOADTIME|asus.com|2.945
2021-12-21T20:53:34.152+05:00,ameli.fr
2021-12-21T20:53:40.104+05:00,LOADTIME|ameli.fr|5.952
2021-12-21T20:53:44.129+05:00,vidio.com
2021-12-21T20:53:52.868+05:00,LOADTIME|vidio.com|8.739
2021-12-21T20:53:57.178+05:00,ebay.fr
2021-12-21T20:54:05.014+05:00,LOADTIME|ebay.fr|7.836
2021-12-21T20:54:09.061+05:00,renren.com
2021-12-21T20:54:28.320+05:00,LOADTIME|renren.com|19.259
2021-12-21T20:54:32.344+05:00,dspultra.com
2021-12-21T20:54:33.922+05:00,LOADTIME|dspultra.com|1.578
2021-12-21T20:54:37.944+05:00,amazon.sa
2021-12-21T20:54:41.446+05:00,LOADTIME|amazon.sa|3.502
2021-12-21T20:54:45.492+05:00,ivi.ru
2021-12-21T20:54:58.153+05:00,LOADTIME|ivi.ru|12.661
2021-12-21T20:55:02.206+05:00,edh.tw
2021-12-21T20:55:16.633+05:00,LOADTIME|edh.tw|14.427
2021-12-21T20:55:20.753+05:00,zhibo8.cc
2021-12-21T20:56:20.775+05:00,TIMEOUT|zhibo8.cc|60.022
2021-12-21T20:56:24.820+05:00,retailmenot.com
2021-12-21T20:56:31.595+05:00,LOADTIME|retailmenot.com|6.775
2021-12-21T20:56:35.650+05:00,milliyet.com.tr
2021-12-21T20:56:43.294+05:00,LOADTIME|milliyet.com.tr|7.644
2021-12-21T20:56:47.390+05:00,nhl.com
2021-12-21T20:56:48.092+05:00,TIMEOUT|nhl.com|0.702
2021-12-21T20:56:52.130+05:00,repubblica.it
2021-12-21T20:56:59.678+05:00,LOADTIME|repubblica.it|7.548
2021-12-21T20:57:03.751+05:00,webflow.com
2021-12-21T20:57:11.096+05:00,LOADTIME|webflow.com|7.345
2021-12-21T20:57:15.132+05:00,kooora.com
2021-12-21T20:57:21.369+05:00,LOADTIME|kooora.com|6.237
2021-12-21T20:57:25.451+05:00,shopbop.com
2021-12-21T20:57:31.809+05:00,LOADTIME|shopbop.com|6.358
2021-12-21T20:57:35.841+05:00,kemdikbud.go.id
2021-12-21T20:57:40.721+05:00,LOADTIME|kemdikbud.go.id|4.88
2021-12-21T20:57:44.745+05:00,zalo.me
2021-12-21T20:57:53.640+05:00,LOADTIME|zalo.me|8.895
2021-12-21T20:57:57.664+05:00,gamersky.com
2021-12-21T20:58:31.921+05:00,TIMEOUT|gamersky.com|34.257
2021-12-21T20:58:51.961+05:00,kahoot.it
2021-12-21T20:58:54.470+05:00,LOADTIME|kahoot.it|2.509
2021-12-21T20:58:58.490+05:00,free.fr
2021-12-21T20:59:08.006+05:00,LOADTIME|free.fr|9.516
2021-12-21T20:59:12.027+05:00,oraclecloud.com
2021-12-21T20:59:21.454+05:00,LOADTIME|oraclecloud.com|9.427
2021-12-21T20:59:25.497+05:00,pixlr.com
2021-12-21T20:59:26.717+05:00,LOADTIME|pixlr.com|1.22
2021-12-21T20:59:30.735+05:00,onmarshtompor.com
2021-12-21T20:59:31.396+05:00,LOADTIME|onmarshtompor.com|0.661
2021-12-21T20:59:35.413+05:00,51sole.com
2021-12-21T20:59:38.456+05:00,TIMEOUT|51sole.com|3.043
2021-12-21T20:59:42.493+05:00,poshmark.com
2021-12-21T20:59:46.817+05:00,LOADTIME|poshmark.com|4.324
2021-12-21T20:59:50.858+05:00,juntadeandalucia.es
2021-12-21T20:59:58.508+05:00,LOADTIME|juntadeandalucia.es|7.65
2021-12-21T21:00:02.531+05:00,brainly.com.br
2021-12-21T21:00:05.417+05:00,LOADTIME|brainly.com.br|2.886
2021-12-21T21:00:09.444+05:00,gstatic.com
2021-12-21T21:00:10.413+05:00,LOADTIME|gstatic.com|0.969
2021-12-21T21:00:14.435+05:00,ancestry.com
2021-12-21T21:00:20.588+05:00,LOADTIME|ancestry.com|6.153
2021-12-21T21:00:24.649+05:00,shopify.com
2021-12-21T21:00:27.234+05:00,LOADTIME|shopify.com|2.585
2021-12-21T21:00:31.271+05:00,ultimate-guitar.com
2021-12-21T21:00:38.430+05:00,LOADTIME|ultimate-guitar.com|7.159
2021-12-21T21:00:42.484+05:00,cisco.com
2021-12-21T21:00:45.415+05:00,LOADTIME|cisco.com|2.931
2021-12-21T21:00:49.491+05:00,banggood.com
2021-12-21T21:00:56.435+05:00,LOADTIME|banggood.com|6.944
2021-12-21T21:01:00.527+05:00,axisbank.co.in
2021-12-21T21:01:01.264+05:00,TIMEOUT|axisbank.co.in|0.737
2021-12-21T21:01:05.302+05:00,t66y.com
2021-12-21T21:01:06.545+05:00,LOADTIME|t66y.com|1.243
2021-12-21T21:01:10.561+05:00,kompas.tv
2021-12-21T21:01:15.892+05:00,LOADTIME|kompas.tv|5.331
2021-12-21T21:01:20.262+05:00,znds.com
2021-12-21T21:01:33.373+05:00,LOADTIME|znds.com|13.111
2021-12-21T21:01:37.394+05:00,epicgames.com
2021-12-21T21:01:49.304+05:00,LOADTIME|epicgames.com|11.91
2021-12-21T21:01:53.358+05:00,rbc.ru
2021-12-21T21:02:07.287+05:00,LOADTIME|rbc.ru|13.929
2021-12-21T21:02:11.605+05:00,google.at
2021-12-21T21:02:13.541+05:00,LOADTIME|google.at|1.936
2021-12-21T21:02:17.560+05:00,tampermonkey.net
2021-12-21T21:02:20.342+05:00,LOADTIME|tampermonkey.net|2.782
2021-12-21T21:02:24.403+05:00,saednews.com
2021-12-21T21:03:16.923+05:00,LOADTIME|saednews.com|52.52
2021-12-21T21:03:20.949+05:00,eksisozluk.com
2021-12-21T21:03:26.514+05:00,LOADTIME|eksisozluk.com|5.565
2021-12-21T21:03:30.614+05:00,livemint.com
2021-12-21T21:03:33.528+05:00,LOADTIME|livemint.com|2.914
2021-12-21T21:03:37.560+05:00,yumpu.com
2021-12-21T21:03:44.943+05:00,LOADTIME|yumpu.com|7.383
2021-12-21T21:03:49.076+05:00,reclameaqui.com.br
2021-12-21T21:03:59.281+05:00,LOADTIME|reclameaqui.com.br|10.205
2021-12-21T21:04:03.340+05:00,eastmoney.com
2021-12-21T21:04:04.050+05:00,TIMEOUT|eastmoney.com|0.71
2021-12-21T21:04:08.089+05:00,realestate.com.au
2021-12-21T21:04:27.896+05:00,LOADTIME|realestate.com.au|19.807
2021-12-21T21:04:32.086+05:00,adbtc.top
2021-12-21T21:04:32.981+05:00,LOADTIME|adbtc.top|0.895
2021-12-21T21:04:37.005+05:00,quizizz.com
2021-12-21T21:04:41.503+05:00,LOADTIME|quizizz.com|4.498
2021-12-21T21:04:45.532+05:00,xbytessolucoes.com
2021-12-21T21:05:45.555+05:00,TIMEOUT|xbytessolucoes.com|60.023
2021-12-21T21:05:49.597+05:00,thegatewaypundit.com
2021-12-21T21:06:05.822+05:00,LOADTIME|thegatewaypundit.com|16.225
2021-12-21T21:06:09.873+05:00,irctc.co.in
2021-12-21T21:06:24.737+05:00,LOADTIME|irctc.co.in|14.864
2021-12-21T21:06:28.861+05:00,redtube.com
2021-12-21T21:06:29.950+05:00,TIMEOUT|redtube.com|1.089
2021-12-21T21:06:33.987+05:00,home77.com
2021-12-21T21:07:09.430+05:00,TIMEOUT|home77.com|35.443
2021-12-21T21:07:29.472+05:00,autodesk.com
2021-12-21T21:07:37.837+05:00,LOADTIME|autodesk.com|8.365
2021-12-21T21:07:42.165+05:00,google.com.pe
2021-12-21T21:07:43.960+05:00,LOADTIME|google.com.pe|1.795
2021-12-21T21:07:47.980+05:00,elsevier.com
2021-12-21T21:07:57.476+05:00,LOADTIME|elsevier.com|9.496
2021-12-21T21:08:01.537+05:00,fazenda.gov.br
2021-12-21T21:08:01.868+05:00,TIMEOUT|fazenda.gov.br|0.331
2021-12-21T21:08:05.907+05:00,itmedia.co.jp
2021-12-21T21:08:18.831+05:00,LOADTIME|itmedia.co.jp|12.924
2021-12-21T21:08:22.929+05:00,edf.fr
2021-12-21T21:08:29.826+05:00,LOADTIME|edf.fr|6.897
2021-12-21T21:08:33.860+05:00,t-online.de
2021-12-21T21:08:41.637+05:00,LOADTIME|t-online.de|7.777
2021-12-21T21:08:45.670+05:00,mercadolibre.com.co
2021-12-21T21:09:02.147+05:00,LOADTIME|mercadolibre.com.co|16.477
2021-12-21T21:09:06.196+05:00,endclothing.com
2021-12-21T21:09:13.428+05:00,LOADTIME|endclothing.com|7.232
2021-12-21T21:09:17.448+05:00,biblegateway.com
2021-12-21T21:09:24.823+05:00,LOADTIME|biblegateway.com|7.375
2021-12-21T21:09:28.924+05:00,keywordtool.io
2021-12-21T21:09:33.425+05:00,LOADTIME|keywordtool.io|4.501
2021-12-21T21:09:37.462+05:00,258.com
2021-12-21T21:10:13.271+05:00,LOADTIME|258.com|35.809
2021-12-21T21:10:17.309+05:00,southcn.com
2021-12-21T21:10:19.588+05:00,TIMEOUT|southcn.com|2.279
2021-12-21T21:10:23.625+05:00,sozcu.com.tr
2021-12-21T21:10:27.000+05:00,LOADTIME|sozcu.com.tr|3.375
2021-12-21T21:10:31.041+05:00,lazada.co.th
2021-12-21T21:10:38.666+05:00,LOADTIME|lazada.co.th|7.625
2021-12-21T21:10:42.739+05:00,spiegel.de
2021-12-21T21:10:49.597+05:00,LOADTIME|spiegel.de|6.858
2021-12-21T21:10:53.643+05:00,pandora.com
2021-12-21T21:10:55.817+05:00,LOADTIME|pandora.com|2.174
2021-12-21T21:10:59.838+05:00,credit-agricole.fr
2021-12-21T21:11:06.693+05:00,LOADTIME|credit-agricole.fr|6.855
2021-12-21T21:11:10.720+05:00,58.com
2021-12-21T21:11:22.403+05:00,LOADTIME|58.com|11.683
2021-12-21T21:11:26.445+05:00,olx.in
2021-12-21T21:12:00.762+05:00,TIMEOUT|olx.in|34.317
2021-12-21T21:12:20.800+05:00,todamateria.com.br
2021-12-21T21:12:29.310+05:00,LOADTIME|todamateria.com.br|8.51
2021-12-21T21:12:33.366+05:00,saramin.co.kr
2021-12-21T21:12:52.375+05:00,LOADTIME|saramin.co.kr|19.009
2021-12-21T21:12:56.418+05:00,lifo.gr
2021-12-21T21:13:03.982+05:00,LOADTIME|lifo.gr|7.564
2021-12-21T21:13:08.021+05:00,parsfootball.com
2021-12-21T21:13:27.060+05:00,LOADTIME|parsfootball.com|19.039
2021-12-21T21:13:31.090+05:00,mydramalist.com
2021-12-21T21:13:34.117+05:00,LOADTIME|mydramalist.com|3.027
2021-12-21T21:13:38.254+05:00,tinder.com
2021-12-21T21:14:38.272+05:00,TIMEOUT|tinder.com|60.018
2021-12-21T21:14:42.285+05:00,adobelogin.com
2021-12-21T21:14:46.853+05:00,LOADTIME|adobelogin.com|4.568
2021-12-21T21:14:50.953+05:00,billdesk.com
2021-12-21T21:15:00.139+05:00,LOADTIME|billdesk.com|9.186
2021-12-21T21:15:04.159+05:00,tejaratnews.com
2021-12-21T21:15:10.174+05:00,LOADTIME|tejaratnews.com|6.015
2021-12-21T21:15:14.200+05:00,oxu.az
2021-12-21T21:15:49.589+05:00,LOADTIME|oxu.az|35.389
2021-12-21T21:15:53.620+05:00,xe.com
2021-12-21T21:16:04.121+05:00,LOADTIME|xe.com|10.501
2021-12-21T21:16:08.329+05:00,overstock.com
2021-12-21T21:16:12.772+05:00,LOADTIME|overstock.com|4.443
2021-12-21T21:16:16.855+05:00,worksmobile.com
2021-12-21T21:16:38.292+05:00,LOADTIME|worksmobile.com|21.437
2021-12-21T21:16:42.316+05:00,ngacn.cc
2021-12-21T21:16:56.163+05:00,LOADTIME|ngacn.cc|13.847
2021-12-21T21:17:00.189+05:00,coinbase.com
2021-12-21T21:17:03.580+05:00,LOADTIME|coinbase.com|3.391
2021-12-21T21:17:07.604+05:00,nbcnews.com
2021-12-21T21:17:19.771+05:00,LOADTIME|nbcnews.com|12.167
2021-12-21T21:17:23.879+05:00,haraj.com.sa
2021-12-21T21:17:26.593+05:00,LOADTIME|haraj.com.sa|2.714
2021-12-21T21:17:30.633+05:00,cybozu.com
2021-12-21T21:17:39.683+05:00,LOADTIME|cybozu.com|9.05
2021-12-21T21:17:43.709+05:00,opensooq.com
2021-12-21T21:17:47.862+05:00,LOADTIME|opensooq.com|4.153
2021-12-21T21:17:51.889+05:00,storm.mg
2021-12-21T21:18:02.168+05:00,LOADTIME|storm.mg|10.279
2021-12-21T21:18:06.235+05:00,sendinblue.com
2021-12-21T21:18:13.261+05:00,LOADTIME|sendinblue.com|7.026
2021-12-21T21:18:17.308+05:00,mybigcommerce.com
2021-12-21T21:18:51.919+05:00,TIMEOUT|mybigcommerce.com|34.611
2021-12-21T21:19:10.719+05:00,xiami.com
2021-12-21T21:19:11.831+05:00,TIMEOUT|xiami.com|1.112
2021-12-21T21:19:15.869+05:00,msi.com
2021-12-21T21:19:18.221+05:00,LOADTIME|msi.com|2.352
2021-12-21T21:19:22.244+05:00,bolasport.com
2021-12-21T21:19:28.315+05:00,LOADTIME|bolasport.com|6.071
2021-12-21T21:19:32.451+05:00,mufg.jp
2021-12-21T21:19:32.763+05:00,TIMEOUT|mufg.jp|0.312
2021-12-21T21:19:36.807+05:00,drudgereport.com
2021-12-21T21:19:44.109+05:00,LOADTIME|drudgereport.com|7.302
2021-12-21T21:19:48.242+05:00,cnad.com
2021-12-21T21:19:49.515+05:00,TIMEOUT|cnad.com|1.273
2021-12-21T21:19:53.557+05:00,wegotthiscovered.com
2021-12-21T21:19:59.481+05:00,LOADTIME|wegotthiscovered.com|5.924
2021-12-21T21:20:03.595+05:00,theoutnet.com
2021-12-21T21:21:03.616+05:00,TIMEOUT|theoutnet.com|60.021
2021-12-21T21:21:07.713+05:00,srvtrck.com
2021-12-21T21:21:08.245+05:00,LOADTIME|srvtrck.com|0.532
2021-12-21T21:21:12.263+05:00,ouest-france.fr
2021-12-21T21:21:13.340+05:00,TIMEOUT|ouest-france.fr|1.077
2021-12-21T21:21:17.378+05:00,guru99.com
2021-12-21T21:21:18.884+05:00,LOADTIME|guru99.com|1.506
2021-12-21T21:21:22.901+05:00,ebrun.com
2021-12-21T21:21:57.146+05:00,TIMEOUT|ebrun.com|34.245
2021-12-21T21:22:17.187+05:00,nseindia.com
2021-12-21T21:22:18.153+05:00,LOADTIME|nseindia.com|0.966
2021-12-21T21:22:22.174+05:00,wondershare.com
2021-12-21T21:22:26.437+05:00,LOADTIME|wondershare.com|4.263
2021-12-21T21:22:30.473+05:00,wiley.com
2021-12-21T21:22:36.130+05:00,LOADTIME|wiley.com|5.657
2021-12-21T21:22:40.228+05:00,tesla.com
2021-12-21T21:22:45.137+05:00,LOADTIME|tesla.com|4.909
2021-12-21T21:22:49.161+05:00,steamcommunity.com
2021-12-21T21:22:50.945+05:00,LOADTIME|steamcommunity.com|1.784
2021-12-21T21:22:55.033+05:00,tass.ru
2021-12-21T21:23:00.098+05:00,LOADTIME|tass.ru|5.065
2021-12-21T21:23:04.128+05:00,cint.com
2021-12-21T21:24:04.156+05:00,TIMEOUT|cint.com|60.028
2021-12-21T21:24:08.175+05:00,javatpoint.com
2021-12-21T21:24:14.270+05:00,LOADTIME|javatpoint.com|6.095
2021-12-21T21:24:18.291+05:00,disqus.com
2021-12-21T21:24:22.294+05:00,LOADTIME|disqus.com|4.003
2021-12-21T21:24:26.318+05:00,rakuten.ne.jp
2021-12-21T21:24:26.843+05:00,TIMEOUT|rakuten.ne.jp|0.525
2021-12-21T21:24:30.881+05:00,webex.com
2021-12-21T21:24:39.876+05:00,LOADTIME|webex.com|8.995
2021-12-21T21:24:43.965+05:00,iloveimg.com
2021-12-21T21:24:45.965+05:00,LOADTIME|iloveimg.com|2.0
2021-12-21T21:24:50.015+05:00,ukr.net
2021-12-21T21:25:01.180+05:00,LOADTIME|ukr.net|11.165
2021-12-21T21:25:05.257+05:00,meetup.com
2021-12-21T21:25:11.954+05:00,LOADTIME|meetup.com|6.697
2021-12-21T21:25:15.987+05:00,gxu.edu.cn
2021-12-21T21:25:16.647+05:00,TIMEOUT|gxu.edu.cn|0.66
2021-12-21T21:25:20.688+05:00,appledaily.com
2021-12-21T21:25:42.658+05:00,LOADTIME|appledaily.com|21.97
2021-12-21T21:25:46.683+05:00,emalls.ir
2021-12-21T21:25:53.216+05:00,LOADTIME|emalls.ir|6.533
2021-12-21T21:25:57.239+05:00,beytoote.com
2021-12-21T21:26:02.083+05:00,LOADTIME|beytoote.com|4.844
2021-12-21T21:26:06.115+05:00,bitly.com
2021-12-21T21:26:09.551+05:00,LOADTIME|bitly.com|3.436
2021-12-21T21:26:13.577+05:00,khanacademy.org
2021-12-21T21:26:23.070+05:00,LOADTIME|khanacademy.org|9.493
2021-12-21T21:26:27.094+05:00,britannica.com
2021-12-21T21:26:49.917+05:00,LOADTIME|britannica.com|22.823
2021-12-21T21:26:54.094+05:00,strava.com
2021-12-21T21:27:03.187+05:00,LOADTIME|strava.com|9.093
2021-12-21T21:27:07.206+05:00,autotrader.com
2021-12-21T21:27:09.009+05:00,LOADTIME|autotrader.com|1.803
2021-12-21T21:27:13.031+05:00,mydrivers.com
2021-12-21T21:27:51.815+05:00,LOADTIME|mydrivers.com|38.784
2021-12-21T21:27:55.864+05:00,oeeee.com
2021-12-21T21:28:21.482+05:00,LOADTIME|oeeee.com|25.618
2021-12-21T21:28:25.514+05:00,harvard.edu
2021-12-21T21:28:28.725+05:00,LOADTIME|harvard.edu|3.211
2021-12-21T21:28:32.750+05:00,wordreference.com
2021-12-21T21:28:34.640+05:00,LOADTIME|wordreference.com|1.89
2021-12-21T21:28:38.663+05:00,gettyimages.com
2021-12-21T21:28:42.307+05:00,LOADTIME|gettyimages.com|3.644
2021-12-21T21:28:46.339+05:00,hotmart.com
2021-12-21T21:28:53.616+05:00,LOADTIME|hotmart.com|7.277
2021-12-21T21:28:57.643+05:00,blackboardcdn.com
2021-12-21T21:28:58.854+05:00,LOADTIME|blackboardcdn.com|1.211
2021-12-21T21:29:02.872+05:00,rakuten-sec.co.jp
2021-12-21T21:29:13.566+05:00,TIMEOUT|rakuten-sec.co.jp|10.694
2021-12-21T21:29:17.602+05:00,jjwxc.net
2021-12-21T21:29:33.768+05:00,LOADTIME|jjwxc.net|16.166
2021-12-21T21:29:37.792+05:00,noon.com
2021-12-21T21:29:44.968+05:00,LOADTIME|noon.com|7.176
2021-12-21T21:29:49.039+05:00,dreamstime.com
2021-12-21T21:29:53.576+05:00,LOADTIME|dreamstime.com|4.537
2021-12-21T21:29:57.596+05:00,cfsbcn.com
2021-12-21T21:30:06.257+05:00,TIMEOUT|cfsbcn.com|8.661
2021-12-21T21:30:10.291+05:00,hatenablog.com
2021-12-21T21:30:18.624+05:00,LOADTIME|hatenablog.com|8.333
2021-12-21T21:30:22.711+05:00,steampowered.com
2021-12-21T21:30:27.391+05:00,LOADTIME|steampowered.com|4.68
2021-12-21T21:30:31.408+05:00,youku.com
2021-12-21T21:30:48.386+05:00,LOADTIME|youku.com|16.978
2021-12-21T21:30:52.413+05:00,express.dhl
2021-12-21T21:30:57.308+05:00,LOADTIME|express.dhl|4.895
2021-12-21T21:31:01.336+05:00,asmag.com.cn
2021-12-21T21:31:04.040+05:00,LOADTIME|asmag.com.cn|2.704
2021-12-21T21:31:08.062+05:00,workable.com
2021-12-21T21:31:14.977+05:00,LOADTIME|workable.com|6.915
2021-12-21T21:31:19.004+05:00,yektanet.com
2021-12-21T21:31:24.423+05:00,LOADTIME|yektanet.com|5.419
2021-12-21T21:31:28.443+05:00,shahid4u.land
2021-12-21T21:31:32.932+05:00,LOADTIME|shahid4u.land|4.489
2021-12-21T21:31:36.954+05:00,espncricinfo.com
2021-12-21T21:31:43.720+05:00,LOADTIME|espncricinfo.com|6.766
2021-12-21T21:31:47.792+05:00,eluniverso.com
2021-12-21T21:32:47.805+05:00,TIMEOUT|eluniverso.com|60.013
2021-12-21T21:32:51.881+05:00,css-tricks.com
2021-12-21T21:32:55.604+05:00,LOADTIME|css-tricks.com|3.723
2021-12-21T21:32:59.630+05:00,vtv.vn
2021-12-21T21:33:07.222+05:00,LOADTIME|vtv.vn|7.592
2021-12-21T21:33:11.265+05:00,gittigidiyor.com
2021-12-21T21:33:45.523+05:00,TIMEOUT|gittigidiyor.com|34.258
2021-12-21T21:33:49.561+05:00,duolingo.com
2021-12-21T21:33:53.143+05:00,LOADTIME|duolingo.com|3.582
2021-12-21T21:33:57.183+05:00,trontv.com
2021-12-21T21:33:59.503+05:00,LOADTIME|trontv.com|2.32
2021-12-21T21:34:03.540+05:00,bbb.org
2021-12-21T21:34:04.423+05:00,LOADTIME|bbb.org|0.883
2021-12-21T21:34:08.447+05:00,shopee.ph
2021-12-21T21:34:09.848+05:00,LOADTIME|shopee.ph|1.401
2021-12-21T21:34:14.014+05:00,cloudconvert.com
2021-12-21T21:34:16.235+05:00,LOADTIME|cloudconvert.com|2.221
2021-12-21T21:34:20.256+05:00,banesconline.com
2021-12-21T21:34:20.546+05:00,TIMEOUT|banesconline.com|0.29
2021-12-21T21:34:24.589+05:00,semrush.com
2021-12-21T21:34:26.775+05:00,LOADTIME|semrush.com|2.186
2021-12-21T21:34:30.805+05:00,thepaper.cn
2021-12-21T21:35:30.822+05:00,TIMEOUT|thepaper.cn|60.017
2021-12-21T21:35:34.846+05:00,cbssports.com
2021-12-21T21:35:47.480+05:00,LOADTIME|cbssports.com|12.634
2021-12-21T21:35:51.639+05:00,houzz.com
2021-12-21T21:35:57.509+05:00,LOADTIME|houzz.com|5.87
2021-12-21T21:36:01.593+05:00,tanea.gr
2021-12-21T21:36:08.483+05:00,LOADTIME|tanea.gr|6.89
2021-12-21T21:36:12.518+05:00,zara.com
2021-12-21T21:36:14.766+05:00,LOADTIME|zara.com|2.248
2021-12-21T21:36:18.813+05:00,hespress.com
2021-12-21T21:36:21.508+05:00,LOADTIME|hespress.com|2.695
2021-12-21T21:36:25.589+05:00,uber.com
2021-12-21T21:36:31.678+05:00,LOADTIME|uber.com|6.089
2021-12-21T21:36:35.708+05:00,incometaxindiaefiling.gov.in
2021-12-21T21:37:35.733+05:00,TIMEOUT|incometaxindiaefiling.gov.in|60.025
2021-12-21T21:37:39.780+05:00,google.com.pk
2021-12-21T21:37:43.561+05:00,LOADTIME|google.com.pk|3.781
2021-12-21T21:37:47.582+05:00,xgo.com.cn
2021-12-21T21:38:45.340+05:00,LOADTIME|xgo.com.cn|57.758
2021-12-21T21:38:49.367+05:00,u.gg
2021-12-21T21:38:58.701+05:00,LOADTIME|u.gg|9.334
2021-12-21T21:39:02.912+05:00,asana.com
2021-12-21T21:39:07.916+05:00,LOADTIME|asana.com|5.004
2021-12-21T21:39:12.020+05:00,zingnews.vn
2021-12-21T21:39:18.462+05:00,LOADTIME|zingnews.vn|6.442
2021-12-21T21:39:22.499+05:00,farfetch.com
2021-12-21T21:39:27.632+05:00,LOADTIME|farfetch.com|5.133
2021-12-21T21:39:31.705+05:00,vanguard.com
2021-12-21T21:39:36.133+05:00,LOADTIME|vanguard.com|4.428
2021-12-21T21:39:40.165+05:00,a8.net
2021-12-21T21:39:45.610+05:00,LOADTIME|a8.net|5.445
2021-12-21T21:39:49.633+05:00,discogs.com
2021-12-21T21:39:57.997+05:00,LOADTIME|discogs.com|8.364
2021-12-21T21:40:02.038+05:00,mundoeducacao.uol.com.br
2021-12-21T21:40:09.515+05:00,LOADTIME|mundoeducacao.uol.com.br|7.477
2021-12-21T21:40:13.585+05:00,kp.ru
2021-12-21T21:40:20.033+05:00,LOADTIME|kp.ru|6.448
2021-12-21T21:40:24.058+05:00,poste.it
2021-12-21T21:40:25.177+05:00,LOADTIME|poste.it|1.119
2021-12-21T21:40:29.200+05:00,51auto.com
2021-12-21T21:40:32.629+05:00,TIMEOUT|51auto.com|3.429
2021-12-21T21:40:36.670+05:00,stripchat.com
2021-12-21T21:40:41.702+05:00,LOADTIME|stripchat.com|5.032
2021-12-21T21:40:45.737+05:00,dawn.com
2021-12-21T21:40:54.393+05:00,LOADTIME|dawn.com|8.656
2021-12-21T21:40:58.461+05:00,vistaprint.com
2021-12-21T21:41:06.553+05:00,LOADTIME|vistaprint.com|8.092
2021-12-21T21:41:10.608+05:00,anjuke.com
2021-12-21T21:41:34.067+05:00,LOADTIME|anjuke.com|23.459
2021-12-21T21:41:38.300+05:00,norton.com
2021-12-21T21:41:46.948+05:00,LOADTIME|norton.com|8.648
2021-12-21T21:41:51.025+05:00,xhamsterlive.com
2021-12-21T21:42:25.296+05:00,TIMEOUT|xhamsterlive.com|34.271
2021-12-21T21:42:29.331+05:00,kijiji.ca
2021-12-21T21:42:39.888+05:00,LOADTIME|kijiji.ca|10.557
2021-12-21T21:42:43.914+05:00,techradar.com
2021-12-21T21:43:07.679+05:00,LOADTIME|techradar.com|23.765
2021-12-21T21:43:11.808+05:00,hamariweb.com
2021-12-21T21:43:17.317+05:00,LOADTIME|hamariweb.com|5.509
2021-12-21T21:43:21.404+05:00,aweber.com
2021-12-21T21:43:27.364+05:00,LOADTIME|aweber.com|5.96
2021-12-21T21:43:31.400+05:00,freee.co.jp
2021-12-21T21:44:05.659+05:00,TIMEOUT|freee.co.jp|34.259
2021-12-21T21:44:25.698+05:00,olx.ua
2021-12-21T21:44:31.916+05:00,LOADTIME|olx.ua|6.218
2021-12-21T21:44:35.999+05:00,52pk.com
2021-12-21T21:45:10.249+05:00,TIMEOUT|52pk.com|34.25
2021-12-21T21:45:14.287+05:00,chooseauto.com.cn
2021-12-21T21:45:14.889+05:00,TIMEOUT|chooseauto.com.cn|0.602
2021-12-21T21:45:18.929+05:00,people.com
2021-12-21T21:45:30.891+05:00,LOADTIME|people.com|11.962
2021-12-21T21:45:35.110+05:00,statcounter.com
2021-12-21T21:45:38.736+05:00,LOADTIME|statcounter.com|3.626
2021-12-21T21:45:42.754+05:00,cvs.com
2021-12-21T21:45:43.750+05:00,LOADTIME|cvs.com|0.996
2021-12-21T21:45:47.774+05:00,cuevana3.io
2021-12-21T21:45:51.055+05:00,LOADTIME|cuevana3.io|3.281
2021-12-21T21:45:55.124+05:00,shopee.sg
2021-12-21T21:45:56.390+05:00,LOADTIME|shopee.sg|1.266
2021-12-21T21:46:00.416+05:00,91boshi.net
2021-12-21T21:46:02.279+05:00,LOADTIME|91boshi.net|1.863
2021-12-21T21:46:06.296+05:00,ed.gov
2021-12-21T21:46:12.586+05:00,LOADTIME|ed.gov|6.29
2021-12-21T21:46:16.608+05:00,hi.ru
2021-12-21T21:46:20.927+05:00,LOADTIME|hi.ru|4.319
2021-12-21T21:46:24.983+05:00,ionos.com
2021-12-21T21:46:28.946+05:00,LOADTIME|ionos.com|3.963
2021-12-21T21:46:32.982+05:00,uefa.com
2021-12-21T21:46:37.920+05:00,LOADTIME|uefa.com|4.938
2021-12-21T21:46:41.956+05:00,hangseng.com
2021-12-21T21:47:15.776+05:00,LOADTIME|hangseng.com|33.82
2021-12-21T21:47:19.820+05:00,tsichuan.com
2021-12-21T21:47:20.151+05:00,TIMEOUT|tsichuan.com|0.331
2021-12-21T21:47:24.193+05:00,uidai.gov.in
2021-12-21T21:48:24.219+05:00,TIMEOUT|uidai.gov.in|60.026
2021-12-21T21:48:28.264+05:00,mercadolibre.com.ve
2021-12-21T21:48:50.973+05:00,LOADTIME|mercadolibre.com.ve|22.709
2021-12-21T21:48:55.026+05:00,icims.com
2021-12-21T21:49:04.828+05:00,LOADTIME|icims.com|9.802
2021-12-21T21:49:08.873+05:00,gadgetnews.net
2021-12-21T21:49:14.953+05:00,LOADTIME|gadgetnews.net|6.08
2021-12-21T21:49:18.973+05:00,exoclick.com
2021-12-21T21:49:19.866+05:00,TIMEOUT|exoclick.com|0.893
2021-12-21T21:49:23.908+05:00,joinhoney.com
2021-12-21T21:49:30.587+05:00,LOADTIME|joinhoney.com|6.679
2021-12-21T21:49:34.648+05:00,bancodevenezuela.com
2021-12-21T21:49:40.359+05:00,LOADTIME|bancodevenezuela.com|5.711
2021-12-21T21:49:44.391+05:00,nownews.com
2021-12-21T21:50:44.405+05:00,TIMEOUT|nownews.com|60.014
2021-12-21T21:50:48.459+05:00,syf.com
2021-12-21T21:50:55.321+05:00,LOADTIME|syf.com|6.862
2021-12-21T21:50:59.370+05:00,bedbathandbeyond.com
2021-12-21T21:51:05.870+05:00,LOADTIME|bedbathandbeyond.com|6.5
2021-12-21T21:51:09.937+05:00,activecampaign.com
2021-12-21T21:51:16.465+05:00,LOADTIME|activecampaign.com|6.528
2021-12-21T21:51:20.522+05:00,tempo.co
2021-12-21T21:51:31.389+05:00,LOADTIME|tempo.co|10.867
2021-12-21T21:51:35.548+05:00,cpanel.net
2021-12-21T21:51:40.839+05:00,LOADTIME|cpanel.net|5.291
2021-12-21T21:51:44.870+05:00,gtmetrix.com
2021-12-21T21:51:47.406+05:00,LOADTIME|gtmetrix.com|2.536
2021-12-21T21:51:51.424+05:00,earningates.com
2021-12-21T21:51:54.391+05:00,LOADTIME|earningates.com|2.967
2021-12-21T21:51:58.409+05:00,glassdoor.co.in
2021-12-21T21:52:05.342+05:00,LOADTIME|glassdoor.co.in|6.933
2021-12-21T21:52:09.403+05:00,mos.ru
2021-12-21T21:52:17.343+05:00,LOADTIME|mos.ru|7.94
2021-12-21T21:52:21.366+05:00,zappos.com
2021-12-21T21:52:29.078+05:00,LOADTIME|zappos.com|7.712
2021-12-21T21:52:33.121+05:00,huya.com
2021-12-21T21:53:15.277+05:00,LOADTIME|huya.com|42.156
2021-12-21T21:53:19.314+05:00,cyberleninka.ru
2021-12-21T21:53:23.490+05:00,LOADTIME|cyberleninka.ru|4.176
2021-12-21T21:53:27.513+05:00,pole-emploi.fr
2021-12-21T21:53:35.878+05:00,LOADTIME|pole-emploi.fr|8.365
2021-12-21T21:53:39.924+05:00,smartrecruiters.com
2021-12-21T21:53:45.968+05:00,LOADTIME|smartrecruiters.com|6.044
2021-12-21T21:53:50.002+05:00,pnc.com
2021-12-21T21:53:58.429+05:00,LOADTIME|pnc.com|8.427
2021-12-21T21:54:02.636+05:00,ebay.it
2021-12-21T21:54:07.415+05:00,LOADTIME|ebay.it|4.779
2021-12-21T21:54:11.457+05:00,alimama.com
2021-12-21T21:54:28.906+05:00,LOADTIME|alimama.com|17.449
2021-12-21T21:54:32.938+05:00,gamer.com.tw
2021-12-21T21:54:39.032+05:00,LOADTIME|gamer.com.tw|6.094
2021-12-21T21:54:43.060+05:00,digiato.com
2021-12-21T21:54:48.655+05:00,LOADTIME|digiato.com|5.595
2021-12-21T21:54:52.693+05:00,olx.pl
2021-12-21T21:54:57.857+05:00,LOADTIME|olx.pl|5.164
2021-12-21T21:55:01.915+05:00,caixa.gov.br
2021-12-21T21:56:01.938+05:00,TIMEOUT|caixa.gov.br|60.023
2021-12-21T21:56:05.976+05:00,teambition.com
2021-12-21T21:56:15.913+05:00,LOADTIME|teambition.com|9.937
2021-12-21T21:56:19.935+05:00,wattpad.com
2021-12-21T21:56:20.850+05:00,TIMEOUT|wattpad.com|0.915
2021-12-21T21:56:24.890+05:00,live.net
2021-12-21T21:56:25.202+05:00,TIMEOUT|live.net|0.312
2021-12-21T21:56:29.240+05:00,pinterest.jp
2021-12-21T21:56:34.545+05:00,LOADTIME|pinterest.jp|5.305
2021-12-21T21:56:38.584+05:00,motorplus-online.com
2021-12-21T21:56:43.524+05:00,LOADTIME|motorplus-online.com|4.94
2021-12-21T21:56:47.739+05:00,globalsources.com
2021-12-21T21:56:52.677+05:00,LOADTIME|globalsources.com|4.938
2021-12-21T21:56:59.403+05:00,kdslife.com
2021-12-21T21:57:21.701+05:00,LOADTIME|kdslife.com|22.298
2021-12-21T21:57:25.772+05:00,uniqlo.com
2021-12-21T21:57:44.190+05:00,LOADTIME|uniqlo.com|18.418
2021-12-21T21:57:48.288+05:00,gogoanime.ai
2021-12-21T21:57:53.478+05:00,LOADTIME|gogoanime.ai|5.19
2021-12-21T21:57:57.501+05:00,nalog.ru
2021-12-21T21:58:07.224+05:00,LOADTIME|nalog.ru|9.723
2021-12-21T21:58:11.254+05:00,google.com.my
2021-12-21T21:58:12.837+05:00,LOADTIME|google.com.my|1.583
2021-12-21T21:58:16.866+05:00,groupon.com
2021-12-21T21:58:20.765+05:00,LOADTIME|groupon.com|3.899
2021-12-21T21:58:24.821+05:00,commbank.com.au
2021-12-21T21:58:31.206+05:00,LOADTIME|commbank.com.au|6.385
2021-12-21T21:58:35.228+05:00,net-a-porter.com
2021-12-21T21:59:35.242+05:00,TIMEOUT|net-a-porter.com|60.014
2021-12-21T21:59:39.340+05:00,elintransigente.com
2021-12-21T21:59:43.757+05:00,LOADTIME|elintransigente.com|4.417
2021-12-21T21:59:47.783+05:00,nbcsports.com
2021-12-21T21:59:56.679+05:00,LOADTIME|nbcsports.com|8.896
2021-12-21T22:00:00.743+05:00,samsclub.com
2021-12-21T22:00:04.027+05:00,LOADTIME|samsclub.com|3.284
2021-12-21T22:00:08.210+05:00,howtogeek.com
2021-12-21T22:00:14.566+05:00,LOADTIME|howtogeek.com|6.356
2021-12-21T22:00:18.680+05:00,anchor.fm
2021-12-21T22:00:21.873+05:00,LOADTIME|anchor.fm|3.193
2021-12-21T22:00:25.902+05:00,myanimelist.net
2021-12-21T22:00:30.438+05:00,LOADTIME|myanimelist.net|4.536
2021-12-21T22:00:34.468+05:00,xtx6.com
2021-12-21T22:00:36.994+05:00,TIMEOUT|xtx6.com|2.526
2021-12-21T22:00:41.032+05:00,hilton.com
2021-12-21T22:00:53.554+05:00,LOADTIME|hilton.com|12.522
2021-12-21T22:00:57.958+05:00,stockx.com
2021-12-21T22:01:04.393+05:00,LOADTIME|stockx.com|6.435
2021-12-21T22:01:08.482+05:00,tinkoff.ru
2021-12-21T22:01:15.677+05:00,LOADTIME|tinkoff.ru|7.195
2021-12-21T22:01:19.709+05:00,2345.com
2021-12-21T22:02:11.264+05:00,LOADTIME|2345.com|51.555
2021-12-21T22:02:15.322+05:00,xiaomi.com
2021-12-21T22:02:28.801+05:00,LOADTIME|xiaomi.com|13.479
2021-12-21T22:02:34.255+05:00,online-convert.com
2021-12-21T22:02:36.875+05:00,LOADTIME|online-convert.com|2.62
2021-12-21T22:02:40.903+05:00,haibunda.com
2021-12-21T22:02:45.932+05:00,LOADTIME|haibunda.com|5.029
2021-12-21T22:02:49.998+05:00,domaintools.com
2021-12-21T22:03:00.767+05:00,LOADTIME|domaintools.com|10.769
2021-12-21T22:03:04.896+05:00,5lux.com
2021-12-21T22:03:23.306+05:00,TIMEOUT|5lux.com|18.41
2021-12-21T22:03:42.482+05:00,asahi.com
2021-12-21T22:04:01.184+05:00,LOADTIME|asahi.com|18.702
2021-12-21T22:04:05.360+05:00,mirconnect.ru
2021-12-21T22:04:05.652+05:00,TIMEOUT|mirconnect.ru|0.292
2021-12-21T22:04:09.686+05:00,lanacion.com.ar
2021-12-21T22:04:30.444+05:00,LOADTIME|lanacion.com.ar|20.758
2021-12-21T22:04:34.602+05:00,almaghreb24.com
2021-12-21T22:04:50.960+05:00,LOADTIME|almaghreb24.com|16.358
2021-12-21T22:04:55.062+05:00,17track.net
2021-12-21T22:05:00.787+05:00,LOADTIME|17track.net|5.725
2021-12-21T22:05:04.840+05:00,google.nl
2021-12-21T22:05:06.715+05:00,LOADTIME|google.nl|1.875
2021-12-21T22:05:10.733+05:00,towardsdatascience.com
2021-12-21T22:05:16.987+05:00,LOADTIME|towardsdatascience.com|6.254
2021-12-21T22:05:21.012+05:00,wowma.jp
2021-12-21T22:05:35.171+05:00,LOADTIME|wowma.jp|14.159
2021-12-21T22:05:39.227+05:00,END
